<?xml version="1.0" encoding="UTF-8"?>
<kmodule xmlns:xsi="http://www.w3.org/2001/XMLSchema-instance"
         xmlns="http://jboss.org/kie/6.0.0/kmodule">
    
    <kbase name="SenslyticsCloudModeRulesEngineKB" default="true" packages="com.senselytics.rule.tagthreshold">
        <ksession name="SenslyticsRulesEngineKS" default="true"/>
    </kbase>
    
 <!--   <kbase name="SenslyticsCounterRulesEngineKB" packages="com.senselytics.inference.rule.counter">
        <ksession name="CountEvents"/> 
    </kbase> -->
    
    <kbase name="SenslyticsStreamModeRulesEngineKB" default="false" eventProcessingMode="stream" 
           equalsBehavior="equality" declarativeAgenda="enabled" 
           packages="com.senselytics.inference.rule.counter" >
            <ksession name="CountEvents" type="stateful" default="false" clockType="realtime">
    </ksession>
  </kbase>
    
    
</kmodule>