GSA_BDY11102,null,2015-07-16 22:18:44.0
GSA_BZSC11102,null,2015-07-16 22:18:44.0
GSA_BZSO11102,null,2015-07-16 22:18:44.0
GSA_COSTA_ROV,2052.4101563,2015-07-16 22:18:44.0
GSA_FY11102A,null,2015-07-16 22:18:44.0
GSA_HPU.CI_Pump.ICSS_ResetNrStarts,null,2015-07-16 22:18:44.0
GSA_HPU.CI_Pump.ICSS_ResetRunHours,null,2015-07-16 22:18:44.0
GSA_HPU.Control.ICSS_HMI_Reset_PLC_MinorFaults,null,2015-07-16 22:18:44.0
GSA_HPU.Control.ICSS_Update_AO_SPT,null,2015-07-16 22:18:44.0
GSA_HPU.HP_Pump_A.ICSS_Duty_Select,null,2015-07-16 22:18:44.0
GSA_HPU.HP_Pump_A.ICSS_ResetNrStarts,null,2015-07-16 22:18:44.0
GSA_HPU.HP_Pump_B.ICSS_Duty_Select,null,2015-07-16 22:18:44.0
GSA_HPU.HP_Pump_B.ICSS_ResetNrStarts,null,2015-07-16 22:18:44.0
GSA_HPU.HP_Pump_SPT.ICSS_DutySwitchover_Disable,null,2015-07-16 22:18:44.0
GSA_HPU.HP_Pump_SPT.ICSS_Update_AO_SPT,null,2015-07-16 22:18:44.0
GSA_HPU.LP_Pump_A.ICSS_Duty_Select,null,2015-07-16 22:18:44.0
GSA_HPU.LP_Pump_A.ICSS_ResetNrStarts,null,2015-07-16 22:18:44.0
GSA_HPU.LP_Pump_B.ICSS_ResetNrStarts,null,2015-07-16 22:18:44.0
GSA_HPU.LP_Pump_SPT.ICSS_DutySwitchover_Disable,null,2015-07-16 22:18:44.0
GSA_HPU.LP_Pump_SPT.ICSS_PT_Dev_SPT,370.5698242,2015-07-16 22:18:44.0
GSA_HPU.Red.ICSS_ForceSwitch,null,2015-07-16 22:18:44.0
GSA_HRSD_Trigger_ICSS,null,2015-07-16 22:18:44.0
GSA_HS11151,null,2015-07-16 22:18:44.0
GSA_HUSD_Trigger_ICSS,null,2015-07-16 22:18:44.0
GSA_I00.BIV_CDC,null,2015-07-16 22:18:44.0
GSA_I00.BIV_CDO,null,2015-07-16 22:18:44.0
GSA_I00.GLCV1_CDAB,null,2015-07-16 22:18:44.0
GSA_I00.GLCV1_CDSP,null,2015-07-16 22:18:44.0
GSA_I00.GLCV2_CDAB,null,2015-07-16 22:18:44.0
GSA_I00.GLMIV_CDO,null,2015-07-16 22:18:44.0
GSA_I00.IOPPS_CDO,null,2015-07-16 22:18:44.0
GSA_I00.KHIV_CDC,null,2015-07-16 22:18:44.0
GSA_I00.KHIV_CDO,null,2015-07-16 22:18:44.0
GSA_I00.LPA_CDC,null,2015-07-16 22:18:44.0
GSA_I00.LPA_CDO,null,2015-07-16 22:18:44.0
GSA_I00.LPB_CDC,null,2015-07-16 22:18:44.0
GSA_I00.LPB_CDO,null,2015-07-16 22:18:44.0
GSA_I00.LPESD_CDC,null,2015-07-16 22:18:44.0
GSA_I00.LPESD_CDO,null,2015-07-16 22:18:44.0
GSA_I00.MIV1_CDO,null,2015-07-16 22:18:44.0
GSA_I00.SIV1_CDC,null,2015-07-16 22:18:44.0
GSA_I00.SIV1_CDO,null,2015-07-16 22:18:44.0
GSA_I00.WDV_CDC,null,2015-07-16 22:18:44.0
GSA_I00.WIV_CDO,null,2015-07-16 22:18:44.0
GSA_I00.WSBV_CDO,null,2015-07-16 22:18:44.0
GSA_I00.WSIV_CDC,null,2015-07-16 22:18:44.0
GSA_I00.WSIV_CDO,null,2015-07-16 22:18:44.0
GSA_I10.AIV_CDO,null,2015-07-16 22:18:44.0
GSA_I10.BIV_CDC,null,2015-07-16 22:18:44.0
GSA_I10.BIV_CDO,null,2015-07-16 22:18:44.0
GSA_I10.GLCV1_CDAB,null,2015-07-16 22:18:44.0
GSA_I10.GLCV1_CDSP,null,2015-07-16 22:18:44.0
GSA_I10.GLCV3_CDAB,null,2015-07-16 22:18:44.0
GSA_I10.GLCV3_CDSP,null,2015-07-16 22:18:44.0
GSA_I10.GLMIV_CDO,null,2015-07-16 22:18:44.0
GSA_I10.IOPPS_CDC,null,2015-07-16 22:18:44.0
GSA_I10.IOPPS_CDO,null,2015-07-16 22:18:44.0
GSA_I10.KHIV_CDC,null,2015-07-16 22:18:44.0
GSA_I10.KHIV_CDO,null,2015-07-16 22:18:44.0
GSA_I10.LPA_CDC,null,2015-07-16 22:18:44.0
GSA_I10.LPB_CDC,null,2015-07-16 22:18:44.0
GSA_I10.LPB_CDO,null,2015-07-16 22:18:44.0
GSA_I10.LPESD_CDC,null,2015-07-16 22:18:44.0
GSA_I10.LPESD_CDO,null,2015-07-16 22:18:44.0
GSA_I10.MIV1_CDC,null,2015-07-16 22:18:44.0
GSA_I10.MIV1_CDO,null,2015-07-16 22:18:44.0
GSA_I10.SIV1_CDC,null,2015-07-16 22:18:44.0
GSA_I10.SIV1_CDO,null,2015-07-16 22:18:44.0
GSA_I10.WDV_CDO,null,2015-07-16 22:18:44.0
GSA_I10.WSBV_CDO,null,2015-07-16 22:18:44.0
GSA_I10.WSIV_CDC,null,2015-07-16 22:18:44.0
GSA_I10.WSIV_CDO,null,2015-07-16 22:18:44.0
GSA_M00.DiffPressHR_SP_ICSS_Update,null,2015-07-16 22:18:44.0
GSA_M00.GLCV4_CDAB,null,2015-07-16 22:18:44.0
GSA_M00.GLCV5_CDSP,null,2015-07-16 22:18:44.0
GSA_M00.HDV_CDC,null,2015-07-16 22:18:44.0
GSA_M00.HDV_CDO,null,2015-07-16 22:18:44.0
GSA_M00.HIV_CDC,null,2015-07-16 22:18:44.0
GSA_M00.LPA_CDO,null,2015-07-16 22:18:44.0
GSA_M00.LPB_CDC,null,2015-07-16 22:18:44.0
GSA_M00.LPESD_CDC,null,2015-07-16 22:18:44.0
GSA_M00.LPESD_CDO,null,2015-07-16 22:18:44.0
GSA_M00.MIV2_CDC,null,2015-07-16 22:18:44.0
GSA_M00.MIV2_CDO,null,2015-07-16 22:18:44.0
GSA_M00.SNDV_CDC,null,2015-07-16 22:18:44.0
GSA_M00.SNDV_CDO,null,2015-07-16 22:18:44.0
GSA_M00.SNIV_CDO,null,2015-07-16 22:18:44.0
GSA_MHS11152,null,2015-07-16 22:18:44.0
GSA_MI11151,null,2015-07-16 22:18:44.0
GSA_MI11153,null,2015-07-16 22:18:44.0
GSA_ML11151,null,2015-07-16 22:18:44.0
GSA_PDT11103,0.2817774,2015-07-16 22:18:44.0
GSA_PDT11164,5.3592029,2015-07-16 22:18:44.0
GSA_ProdWell_P4_ESPFreq,0.0,2015-07-16 22:18:44.0
GSA_SCMShutdownSummary.ShdActiveI00SCM,null,2015-07-16 22:18:44.0
GSA_SCMShutdownSummary.ShdActiveI10SCM,null,2015-07-16 22:18:44.0
GSA_SCMShutdownSummary.ShdActiveW04SCM,null,2015-07-16 22:18:44.0
GSA_SCMShutdownSummary.ShdActiveW05SCM,null,2015-07-16 22:18:44.0
GSA_SCMShutdownSummary.ShdActiveW11SCM,null,2015-07-16 22:18:44.0
GSA_SCMShutdownSummary.ShdActiveW12SCM,null,2015-07-16 22:18:44.0
GSA_SCMShutdownSummary.ShdActiveW13SCM,null,2015-07-16 22:18:44.0
GSA_SCMShutdownSummary.ShdCompletedI00,null,2015-07-16 22:18:44.0
GSA_SCMShutdownSummary.ShdCompletedM00,null,2015-07-16 22:18:44.0
GSA_SCMShutdownSummary.ShdCompletedOperator,null,2015-07-16 22:18:44.0
GSA_SCMShutdownSummary.ShdCompletedTopside,null,2015-07-16 22:18:44.0
GSA_SCMShutdownSummary.ShdCompletedW04,null,2015-07-16 22:18:44.0
GSA_SCMShutdownSummary.ShdCompletedW11,null,2015-07-16 22:18:44.0
GSA_SCMShutdownSummary.ShdFailedM00,null,2015-07-16 22:18:44.0
GSA_SCMShutdownSummary.ShdFailedOperator,null,2015-07-16 22:18:44.0
GSA_SCMShutdownSummary.ShdFailedSubsea,null,2015-07-16 22:18:44.0
GSA_SCMShutdownSummary.ShdFailedTopside,null,2015-07-16 22:18:44.0
GSA_SCMShutdownSummary.ShdFailedW03,null,2015-07-16 22:18:44.0
GSA_SCMShutdownSummary.ShdFailedW05,null,2015-07-16 22:18:44.0
GSA_SCMShutdownSummary.ShdFailedW11,null,2015-07-16 22:18:44.0
GSA_SCMShutdownSummary.ShdFailedW12,null,2015-07-16 22:18:44.0
GSA_SCMShutdownSummary.ShdOverrideI00,null,2015-07-16 22:18:44.0
GSA_SCMShutdownSummary.ShdOverrideSubsea,null,2015-07-16 22:18:44.0
GSA_SCMShutdownSummary.ShdOverrideW03,null,2015-07-16 22:18:44.0
GSA_SCMShutdownSummary.ShdOverrideW04,null,2015-07-16 22:18:44.0
GSA_SCMShutdownSummary.ShdOverrideW11,null,2015-07-16 22:18:44.0
GSA_SCMShutdownSummary.ShdOverrideW12,null,2015-07-16 22:18:44.0
GSA_SCMShutdownSummary.ShdOverrideW13,null,2015-07-16 22:18:44.0
GSA_SCMShutdownSummary.ShdRuningOperator,null,2015-07-16 22:18:44.0
GSA_SCMShutdownSummary.ShdRuningTopside,null,2015-07-16 22:18:44.0
GSA_SCMShutdownSummary.ShdRuningW03,null,2015-07-16 22:18:44.0
GSA_SCMShutdownSummary.ShdRuningW04,null,2015-07-16 22:18:44.0
GSA_SCMShutdownSummary.ShdRuningW11,null,2015-07-16 22:18:44.0
GSA_SCMShutdownSummary.ShdRuningW13,null,2015-07-16 22:18:44.0
GSA_SCMShutdownSummary.ShdTriggeredM00,null,2015-07-16 22:18:44.0
GSA_SCMShutdownSummary.ShdTriggeredSubsea,null,2015-07-16 22:18:44.0
GSA_SCMShutdownSummary.ShdTriggeredW03,null,2015-07-16 22:18:44.0
GSA_SCMShutdownSummary.ShdTriggeredW04,null,2015-07-16 22:18:44.0
GSA_SCMShutdownSummary.ShdTriggeredW05,null,2015-07-16 22:18:44.0
GSA_SCMShutdownSummary.ShdTriggeredW11,null,2015-07-16 22:18:44.0
GSA_SCMShutdownSummary.ShdTriggeredW12,null,2015-07-16 22:18:44.0
GSA_SCMShutdownSummary.ShdTriggeredW13,null,2015-07-16 22:18:44.0
GSA_SDY01121,null,2015-07-16 22:18:44.0
GSA_SNSD_Trigger_ICSS,null,2015-07-16 22:18:44.0
GSA_SZSC01121,null,2015-07-16 22:18:44.0
GSA_SZSC11101,null,2015-07-16 22:18:44.0
GSA_SZSO01121,null,2015-07-16 22:18:44.0
GSA_SZSO11101,null,2015-07-16 22:18:44.0
GSA_SZSO11103,null,2015-07-16 22:18:44.0
GSA_VAHH11150B,null,2015-07-16 22:18:44.0
GSA_W01.AMV_CDO,null,2015-07-16 22:18:44.0
GSA_W01.PCV_CDAB,null,2015-07-16 22:18:44.0
GSA_W01.SCSSV_CDC,null,2015-07-16 22:18:44.0
GSA_W01.W01_WOMode_ICSS_Per,null,2015-07-16 22:18:44.0
GSA_W01.W01_WOMode_ICSS_Per_Gran,null,2015-07-16 22:18:44.0
GSA_W02.LPESD_CDC,null,2015-07-16 22:18:44.0
GSA_W02.PCV_CDSP,null,2015-07-16 22:18:44.0
GSA_W02.W02_WOMode_ICSS_Per,null,2015-07-16 22:18:44.0
GSA_W02.XOV_CDO,null,2015-07-16 22:18:44.0
GSA_W03.HPA_CDO,null,2015-07-16 22:18:44.0
GSA_W03.HPB_CDC,null,2015-07-16 22:18:44.0
GSA_W03.HPB_CDO,null,2015-07-16 22:18:44.0
GSA_W03.LPA_CDC,null,2015-07-16 22:18:44.0
GSA_W03.LPA_CDO,null,2015-07-16 22:18:44.0
GSA_W03.LPB_CDC,null,2015-07-16 22:18:44.0
GSA_W03.LPB_CDO,null,2015-07-16 22:18:44.0
GSA_W03.LPESD_CDC,null,2015-07-16 22:18:44.0
GSA_W03.LPESD_CDO,null,2015-07-16 22:18:44.0
GSA_W03.PCV_CDAB,null,2015-07-16 22:18:44.0
GSA_W03.PCV_CDSP,null,2015-07-16 22:18:44.0
GSA_W03.PWV_CDO,null,2015-07-16 22:18:44.0
GSA_W03.W03_WOMode_ICSS_Per_Gran,null,2015-07-16 22:18:44.0
GSA_W04.AMV_CDC,null,2015-07-16 22:18:44.0
GSA_W04.CIV1_CDC,null,2015-07-16 22:18:44.0
GSA_W04.CIV2_CDC,null,2015-07-16 22:18:44.0
GSA_W04.CIV2_CDO,null,2015-07-16 22:18:44.0
GSA_W04.GLV_CDO,null,2015-07-16 22:18:44.0
GSA_W04.HPA_CDC,null,2015-07-16 22:18:44.0
GSA_W04.HPA_CDO,null,2015-07-16 22:18:44.0
GSA_W04.HPB_CDC,null,2015-07-16 22:18:44.0
GSA_W04.HPB_CDO,null,2015-07-16 22:18:44.0
GSA_W04.LPB_CDO,null,2015-07-16 22:18:44.0
GSA_W04.LPESD_CDC,null,2015-07-16 22:18:44.0
GSA_W04.LPESD_CDO,null,2015-07-16 22:18:44.0
GSA_W04.MIV_CDC,null,2015-07-16 22:18:44.0
GSA_W04.MIV_CDO,null,2015-07-16 22:18:44.0
GSA_W04.PCV_CDAB,null,2015-07-16 22:18:44.0
GSA_W04.PCV_CDSP,null,2015-07-16 22:18:44.0
GSA_W04.PDV_CDC,null,2015-07-16 22:18:44.0
GSA_W04.PDV_CDO,null,2015-07-16 22:18:44.0
GSA_W04.PIV_CDC,null,2015-07-16 22:18:44.0
GSA_W04.PMV_CDO,null,2015-07-16 22:18:44.0
GSA_W04.PWV_CDC,null,2015-07-16 22:18:44.0
GSA_W04.PWV_CDO,null,2015-07-16 22:18:44.0
GSA_W04.SCSSV_CDC,null,2015-07-16 22:18:44.0
GSA_W04.W04_WOMode_ICSS_Per,null,2015-07-16 22:18:44.0
GSA_W04.W04_WOMode_ICSS_Per_Gran,null,2015-07-16 22:18:44.0
GSA_W04.XOV_CDC,null,2015-07-16 22:18:44.0
GSA_W05.AMV_CDO,null,2015-07-16 22:18:44.0
GSA_W05.CIV1_CDC,null,2015-07-16 22:18:44.0
GSA_W05.CIV2_CDC,null,2015-07-16 22:18:44.0
GSA_W05.GLV_CDC,null,2015-07-16 22:18:44.0
GSA_W05.GLV_CDO,null,2015-07-16 22:18:44.0
GSA_W05.HPA_CDC,null,2015-07-16 22:18:44.0
GSA_W05.HPA_CDO,null,2015-07-16 22:18:44.0
GSA_W05.HPB_CDC,null,2015-07-16 22:18:44.0
GSA_W05.HPB_CDO,null,2015-07-16 22:18:44.0
GSA_W05.LPA_CDC,null,2015-07-16 22:18:44.0
GSA_W05.LPB_CDC,null,2015-07-16 22:18:44.0
GSA_W05.LPB_CDO,null,2015-07-16 22:18:44.0
GSA_W05.MIV_CDC,null,2015-07-16 22:18:44.0
GSA_W05.MIV_CDO,null,2015-07-16 22:18:44.0
GSA_W05.PCV_CDSP,null,2015-07-16 22:18:44.0
GSA_W05.PDV_CDC,null,2015-07-16 22:18:44.0
GSA_W05.PDV_CDO,null,2015-07-16 22:18:44.0
GSA_W05.PIV_CDC,null,2015-07-16 22:18:44.0
GSA_W05.PMV_CDC,null,2015-07-16 22:18:44.0
GSA_W05.SCSSV_CDC,null,2015-07-16 22:18:44.0
GSA_W05.SCSSV_CDO,null,2015-07-16 22:18:44.0
GSA_W05.THAV_CDO,null,2015-07-16 22:18:44.0
GSA_W05.W05_WOMode_ICSS_Per,null,2015-07-16 22:18:44.0
GSA_W05.W05_WOMode_ICSS_Per_Gran,null,2015-07-16 22:18:44.0
GSA_W05.XOV_CDC,null,2015-07-16 22:18:44.0
GSA_W05.XOV_CDO,null,2015-07-16 22:18:44.0
GSA_W11.AMV_CDO,null,2015-07-16 22:18:44.0
GSA_W11.CIV1_CDC,null,2015-07-16 22:18:44.0
GSA_W11.CIV1_CDO,null,2015-07-16 22:18:44.0
GSA_W11.CIV2_CDC,null,2015-07-16 22:18:44.0
GSA_W11.CIV2_CDO,null,2015-07-16 22:18:44.0
GSA_W11.GLV_CDC,null,2015-07-16 22:18:44.0
GSA_W11.GLV_CDO,null,2015-07-16 22:18:44.0
GSA_W11.HPA_CDC,null,2015-07-16 22:18:44.0
GSA_W11.HPA_CDO,null,2015-07-16 22:18:44.0
GSA_W11.HPB_CDO,null,2015-07-16 22:18:44.0
GSA_W11.LPA_CDC,null,2015-07-16 22:18:44.0
GSA_W11.LPA_CDO,null,2015-07-16 22:18:44.0
GSA_W11.MIV_CDC,null,2015-07-16 22:18:44.0
GSA_W11.MIV_CDO,null,2015-07-16 22:18:44.0
GSA_W11.PCV_CDAB,null,2015-07-16 22:18:44.0
GSA_W11.PIV_CDC,null,2015-07-16 22:18:44.0
GSA_W11.PIV_CDO,null,2015-07-16 22:18:44.0
GSA_W11.PMV_CDC,null,2015-07-16 22:18:44.0
GSA_W11.PWV_CDC,null,2015-07-16 22:18:44.0
GSA_W11.PWV_CDO,null,2015-07-16 22:18:44.0
GSA_W11.SCSSV_CDC,null,2015-07-16 22:18:44.0
GSA_W11.SCSSV_CDO,null,2015-07-16 22:18:44.0
GSA_W11.THAV_CDO,null,2015-07-16 22:18:44.0
GSA_W11.W11_WOMode_ICSS_Per,null,2015-07-16 22:18:44.0
GSA_W11.W11_WOMode_ICSS_Per_Gran,null,2015-07-16 22:18:44.0
GSA_W11.XOV_CDC,null,2015-07-16 22:18:44.0
GSA_W11_LPB.ActPres.Value,0.0,2015-07-16 22:18:44.0
GSA_W12.AMV_CDC,null,2015-07-16 22:18:44.0
GSA_W12.AMV_CDO,null,2015-07-16 22:18:44.0
GSA_W12.CIV1_CDO,null,2015-07-16 22:18:44.0
GSA_W12.HPA_CDC,null,2015-07-16 22:18:44.0
GSA_W12.LPA_CDC,null,2015-07-16 22:18:44.0
GSA_W12.LPB_CDC,null,2015-07-16 22:18:44.0
GSA_W12.LPB_CDO,null,2015-07-16 22:18:44.0
GSA_W12.LPESD_CDC,null,2015-07-16 22:18:44.0
GSA_W12.MIV_CDC,null,2015-07-16 22:18:44.0
GSA_W12.MIV_CDO,null,2015-07-16 22:18:44.0
GSA_W12.PCV_CDAB,null,2015-07-16 22:18:44.0
GSA_W12.PCV_CDSP,null,2015-07-16 22:18:44.0
GSA_W12.PIV_CDC,null,2015-07-16 22:18:44.0
GSA_W12.PIV_CDO,null,2015-07-16 22:18:44.0
GSA_W12.PWV_CDC,null,2015-07-16 22:18:44.0
GSA_W12.PWV_CDO,null,2015-07-16 22:18:44.0
GSA_W12.SCSSV_CDO,null,2015-07-16 22:18:44.0
GSA_W12.THAV_CDC,null,2015-07-16 22:18:44.0
GSA_W12.W12_WOMode_ICSS_Per,null,2015-07-16 22:18:44.0
GSA_W12.W12_WOMode_ICSS_Per_Gran,null,2015-07-16 22:18:44.0
GSA_W12.XOV_CDO,null,2015-07-16 22:18:44.0
GSA_W13.AMV_CDC,null,2015-07-16 22:18:44.0
GSA_W13.AMV_CDO,null,2015-07-16 22:18:44.0
GSA_W13.CIV1_CDC,null,2015-07-16 22:18:44.0
GSA_W13.CIV1_CDO,null,2015-07-16 22:18:44.0
GSA_W13.GLV_CDO,null,2015-07-16 22:18:44.0
GSA_W13.HPA_CDC,null,2015-07-16 22:18:44.0
GSA_W13.HPA_CDO,null,2015-07-16 22:18:44.0
GSA_W13.HPB_CDC,null,2015-07-16 22:18:44.0
GSA_W13.HPB_CDO,null,2015-07-16 22:18:44.0
GSA_W13.LPA_CDC,null,2015-07-16 22:18:44.0
GSA_W13.LPA_CDO,null,2015-07-16 22:18:44.0
GSA_W13.LPB_CDC,null,2015-07-16 22:18:44.0
GSA_W13.LPB_CDO,null,2015-07-16 22:18:44.0
GSA_W13.LPESD_CDC,null,2015-07-16 22:18:44.0
GSA_W13.LPESD_CDO,null,2015-07-16 22:18:44.0
GSA_W13.MIV_CDC,null,2015-07-16 22:18:44.0
GSA_W13.MIV_CDO,null,2015-07-16 22:18:44.0
GSA_W13.PCV_CDSP,null,2015-07-16 22:18:44.0
GSA_W13.PIV_CDC,null,2015-07-16 22:18:44.0
GSA_W13.PMV_CDC,null,2015-07-16 22:18:44.0
GSA_W13.PMV_CDO,null,2015-07-16 22:18:44.0
GSA_W13.PWV_CDO,null,2015-07-16 22:18:44.0
GSA_W13.SCSSV_CDC,null,2015-07-16 22:18:44.0
GSA_W13.SCSSV_CDO,null,2015-07-16 22:18:44.0
GSA_W13.THAV_CDC,null,2015-07-16 22:18:44.0
GSA_W13.W13_WOMode_ICSS_Per_Gran,null,2015-07-16 22:18:44.0
GSA_W13.XOV_CDC,null,2015-07-16 22:18:44.0
GSA_WDG_Input_A11,null,2015-07-16 22:18:44.0
GSA_WDG_Input_A13,null,2015-07-16 22:18:44.0
GSA_XA11107,null,2015-07-16 22:18:44.0
GSA_XA11154,null,2015-07-16 22:18:44.0
GSA_XA11156B,null,2015-07-16 22:18:44.0
GSA_XA11161,null,2015-07-16 22:18:44.0
GSA_XA11173,null,2015-07-16 22:18:44.0
GSA_XHS11150A,null,2015-07-16 22:18:44.0
GSA_XHS11150B,null,2015-07-16 22:18:44.0
GSA_XHS11153A,null,2015-07-16 22:18:44.0
GSA_XI11181,null,2015-07-16 22:18:44.0
GSA_XI11182,null,2015-07-16 22:18:44.0
GSA_XI11183,null,2015-07-16 22:18:44.0
GSA_XS11106,null,2015-07-16 22:18:44.0
GSA_XS11109,null,2015-07-16 22:18:44.0
GSA_XS11152,null,2015-07-16 22:18:44.0
GSA_XS11155,null,2015-07-16 22:18:44.0
GSA_XS11156,null,2015-07-16 22:18:44.0
GSA_XS11163,null,2015-07-16 22:18:44.0
GSA_XS11184,null,2015-07-16 22:18:44.0
GSA_XY11185,null,2015-07-16 22:18:44.0
GSA_ZAHH11150A,null,2015-07-16 22:18:44.0
GSA_ZAHH11150B,null,2015-07-16 22:18:44.0
WIN-R1_13-EV-2700_XGL,null,2015-07-16 22:18:44.0
WIN-R1_13-EV-2703_XGL,null,2015-07-16 22:18:44.0
WIN-R1_13-PIT-2726_Y,3203.2858887,2015-07-16 22:18:44.0
WIN-R1_20-BDV-202_XGH,null,2015-07-16 22:18:44.0
WIN-R1_20-BDV-204_XGH,null,2015-07-16 22:18:44.0
WIN-R1_20-BDV-204_XGL,null,2015-07-16 22:18:44.0
WIN-R1_20-LCV-207A_OutPosition,0.0,2015-07-16 22:18:44.0
WIN-R1_20-LIC-207_ConOut,2704.7072754,2015-07-16 22:18:44.0
WIN-R1_20-LIC-212B_ConOut,5000.0,2015-07-16 22:18:44.0
WIN-R1_20-LIC-212B_Meas,5000.0,2015-07-16 22:18:44.0
WIN-R1_20-LT-212_Y,3950.3740234,2015-07-16 22:18:44.0
WIN-R1_20-PSIT-1100_MeasA,608.9271851,2015-07-16 22:18:44.0
WIN-R1_20-SDV-213_XGH,null,2015-07-16 22:18:44.0
WIN-R1_20-SDV-213_XGL,null,2015-07-16 22:18:44.0
WIN-R1_21-ESDV-1001_XGH,null,2015-07-16 22:18:44.0
WIN-R1_21-FQI-206-P_MeasOut17,1325.6802979,2015-07-16 22:18:44.0
WIN-R1_21-P202A_XGH,null,2015-07-16 22:18:44.0
WIN-R1_21-SDV-227_XGH,null,2015-07-16 22:18:44.0
WIN-R1_21-SDV-227_XGL,null,2015-07-16 22:18:44.0
WIN-R1_21-TIC-204_SetPointOut,792.9647217,2015-07-16 22:18:44.0
WIN-R1_21-XI-1020_Y,792.7510376,2015-07-16 22:18:44.0
WIN-R1_21-XI-1022_Y,1676.6097412,2015-07-16 22:18:44.0
WIN-R1_21-XI-1030_Y,0.0,2015-07-16 22:18:44.0
WIN-R1_21-XI-1043_Y,5000.0,2015-07-16 22:18:44.0
WIN-R1_21-XI-1050_Y,3503.8330078,2015-07-16 22:18:44.0
WIN-R1_29-EV-2701_XGH,null,2015-07-16 22:18:44.0
WIN-R1_29-LT-4145_MeasA,2521.3059082,2015-07-16 22:18:44.0
WIN-R1_29-PA-4001-CWT_Y,4580.4125977,2015-07-16 22:18:44.0
WIN-R1_29-PG-4002_XGH,null,2015-07-16 22:18:44.0
WIN-R1_29-PG-4003_XGH,null,2015-07-16 22:18:44.0
WIN-R1_29-TE-4173_Y,2000.4008789,2015-07-16 22:18:44.0
WIN-R1_29-TT-4111_MeasA,2221.0969238,2015-07-16 22:18:44.0
WIN-R1_29-XV-4004_XGH,null,2015-07-16 22:18:44.0
WIN-R1_29-XV-4027_XGH,null,2015-07-16 22:18:44.0
WIN-R1_29-XV-4027_XGL,null,2015-07-16 22:18:44.0
WIN-R1_42-LT-4031-V_Volume,3554.0151367,2015-07-16 22:18:44.0
WIN-R1_42-LT-4033-V_VolPercent,1359.2041016,2015-07-16 22:18:44.0
WIN-R1_42-PB-7510A_XGH,null,2015-07-16 22:18:44.0
WIN-R1_42-PB-7511A_XGH,null,2015-07-16 22:18:44.0
WIN-R1_42-PB-7511B_XGH,null,2015-07-16 22:18:44.0
WIN-R1_42-PB-7512A_XGH,null,2015-07-16 22:18:44.0
WIN-R1_42-PB-7513A_XGH,null,2015-07-16 22:18:44.0
WIN-R1_42-PB-7513B_XGH,null,2015-07-16 22:18:44.0
WIN-R1_42-PB-7515A_XGH,null,2015-07-16 22:18:44.0
WIN-R1_42-PB-7515B_XGH,null,2015-07-16 22:18:44.0
WIN-R1_42-PB-7516_XGH,null,2015-07-16 22:18:44.0
WIN-R1_42-PSIT-7502-V_Volume,973.9871216,2015-07-16 22:18:44.0
WIN-R1_42-PSIT-7502_MeasA,3575.829834,2015-07-16 22:18:44.0
WIN-R1_42-PSIT-7503-V_Volume,781.9022217,2015-07-16 22:18:44.0
WIN-R1_42-PSIT-7506_MeasA,1994.2683105,2015-07-16 22:18:44.0
WIN-R1_42-PSIT-7509_MeasA,3721.9875488,2015-07-16 22:18:44.0
WIN-R1_42-PSIT-7511_MeasA,4389.3554688,2015-07-16 22:18:44.0
WIN-R1_42-SDV-217_XGH,null,2015-07-16 22:18:44.0
WIN-R1_42-SDV-217_XGL,null,2015-07-16 22:18:44.0
WIN-R1_43-BDV-1114_XGL,null,2015-07-16 22:18:44.0
WIN-R1_43-FQI-209_MeasOut16,2019.0754395,2015-07-16 22:18:44.0
WIN-R1_43-FQI-210_MeasOut16,1966.2524414,2015-07-16 22:18:44.0
WIN-R1_43-FT-209_Meas,4155.0722656,2015-07-16 22:18:44.0
WIN-R1_43-P-204A_XGH,null,2015-07-16 22:18:44.0
WIN-R1_44-BDV-201_XGH,null,2015-07-16 22:18:44.0
WIN-R1_44-BDV-201_XGL,null,2015-07-16 22:18:44.0
WIN-R1_44-FIC-1004A_ConOut,2107.9543457,2015-07-16 22:18:44.0
WIN-R1_44-FQI-207A-P_MeasOut16,0.0,2015-07-16 22:18:44.0
WIN-R1_44-LS-221_Y,null,2015-07-16 22:18:44.0
WIN-R1_44-LT-218_MeasA,357.1357727,2015-07-16 22:18:44.0
WIN-R1_44-P201A_XGH,null,2015-07-16 22:18:44.0
WIN-R1_44-P201B_XGH,null,2015-07-16 22:18:44.0
WIN-R1_44-PDT-203_Y,3312.4077148,2015-07-16 22:18:44.0
WIN-R1_44-PIT-1114_Y,1866.6751709,2015-07-16 22:18:44.0
WIN-R1_44-SDV-1126_XGH,null,2015-07-16 22:18:44.0
WIN-R1_44-SDV-215_XGH,null,2015-07-16 22:18:44.0
WIN-R1_44-SDV-215_XGL,null,2015-07-16 22:18:44.0
WIN-R1_44-XV-1008_XGH,null,2015-07-16 22:18:44.0
WIN-R1_44-XV-1008_XGL,null,2015-07-16 22:18:44.0
WIN-R1_44-XV-1009_XGH,null,2015-07-16 22:18:44.0
WIN-R1_44-XV-1009_XGL,null,2015-07-16 22:18:44.0
WIN-R1_44-XV-1010_XGL,null,2015-07-16 22:18:44.0
WIN-R1_45-BDV-9033_XGH,null,2015-07-16 22:18:44.0
WIN-R1_45-BDV-9033_XGL,null,2015-07-16 22:18:44.0
WIN-R1_45-BDV-9080_XGH,null,2015-07-16 22:18:44.0
WIN-R1_45-LIC-1013_ConOut,5000.0,2015-07-16 22:18:44.0
WIN-R1_45-LIC-1013_Meas,194.2795258,2015-07-16 22:18:44.0
WIN-R1_45-LV-9016_XGH,null,2015-07-16 22:18:44.0
WIN-R1_45-LV-9016_XGL,null,2015-07-16 22:18:44.0
WIN-R1_45-LV-9023_XGH,null,2015-07-16 22:18:44.0
WIN-R1_45-LV-9035_XGH,null,2015-07-16 22:18:44.0
WIN-R1_45-LV-9035_XGL,null,2015-07-16 22:18:44.0
WIN-R1_45-PSIT-1002_MeasA,164.8976288,2015-07-16 22:18:44.0
WIN-R1_45-PSIT-9027_MeasA,3597.9006348,2015-07-16 22:18:44.0
WIN-R1_45-SDV-1014_XGH,null,2015-07-16 22:18:44.0
WIN-R1_45-SDV-1119_XGH,null,2015-07-16 22:18:44.0
WIN-R1_45-SDV-1119_XGL,null,2015-07-16 22:18:44.0
WIN-R1_45-SDV-9000_XGH,null,2015-07-16 22:18:44.0
WIN-R1_45-SDV-9000_XGL,null,2015-07-16 22:18:44.0
WIN-R1_45-SDV-9004_XGL,null,2015-07-16 22:18:44.0
WIN-R1_45-SDV-9036_XGL,null,2015-07-16 22:18:44.0
WIN-R1_45-TIC-9015_SetPointOut,2574.0058594,2015-07-16 22:18:44.0
WIN-R1_45-TIC-9029_ConOut,4097.7739258,2015-07-16 22:18:44.0
WIN-R1_45-TIT-1005_Y,1815.8796387,2015-07-16 22:18:44.0
WIN-R1_45-TIT-9029_Y,1516.3695068,2015-07-16 22:18:44.0
WIN-R1_45-TV-9029_OutPosition,2657.496582,2015-07-16 22:18:44.0
WIN-R1_45-XV-4006_XGH,null,2015-07-16 22:18:44.0
WIN-R1_45-XV-4006_XGL,null,2015-07-16 22:18:44.0
WIN-R1_46-PB-7517A_XGH,null,2015-07-16 22:18:44.0
WIN-R1_46-PSIT-7558_MeasA,3034.9689941,2015-07-16 22:18:44.0
WIN-R1_46-SDV-7617_XGH,null,2015-07-16 22:18:44.0
WIN-R1_50-SDV-1005_XGL,null,2015-07-16 22:18:44.0
WIN-R1_55-SDV-1261_XGH,null,2015-07-16 22:18:44.0
WIN-R1_55-SDV-1261_XGL,null,2015-07-16 22:18:44.0
WIN-R1_57-LIT-2062_Y,3719.4230957,2015-07-16 22:18:44.0
WIN-R1_62-ESDV-1001_XGL,null,2015-07-16 22:18:44.0
WIN-R1_65-PIT-2400_Y,4121.8364258,2015-07-16 22:18:44.0
WIN-R1_65-PIT-2511s_Y,3492.1247559,2015-07-16 22:18:44.0
WIN-R1_65-PSIT-2512_MeasA,2834.8837891,2015-07-16 22:18:44.0
WIN-R1_65-PSIT-2513_MeasA,3769.5322266,2015-07-16 22:18:44.0
WIN-R1_70-AB-0903_MeasA,3923.7006836,2015-07-16 22:18:44.0
WIN-R1_70-AB-1003_MeasA,0.0,2015-07-16 22:18:44.0
WIN-R1_70-AB-1030_MeasA,2061.2236328,2015-07-16 22:18:44.0
WIN-R1_70-AB-1034_MeasA,3625.2692871,2015-07-16 22:18:44.0
WIN-R1_70-AB-2002_MeasA,3357.8181152,2015-07-16 22:18:44.0
WIN-R1_70-AB-2007_MeasA,3621.1538086,2015-07-16 22:18:44.0
WIN-R1_70-AB-2021_MeasA,985.6170654,2015-07-16 22:18:44.0
WIN-R1_70-BF-1012_MeasA,1731.0358887,2015-07-16 22:18:44.0
WIN-R1_71-PA-0700_XGH,null,2015-07-16 22:18:44.0
WIN-R1_71-PA-0701_XGH,null,2015-07-16 22:18:44.0
WIN-R1_71-PIT-0801_MeasA,2783.8874512,2015-07-16 22:18:44.0
WIN-R1_71-PIT-0802_Y,0.0,2015-07-16 22:18:44.0
WIN-R1_71-XV-0801_InClosed,null,2015-07-16 22:18:44.0
WIN-R1_71-XV-0801_InOpened,null,2015-07-16 22:18:44.0
WIN-R1_71-XV-0802_InClosed,null,2015-07-16 22:18:44.0
WIN-R1_71-XV-0803_InClosed,null,2015-07-16 22:18:44.0
WIN-R1_71-XV-0803_InOpened,null,2015-07-16 22:18:44.0
WIN-R1_71-XV-0804_InClosed,null,2015-07-16 22:18:44.0
WIN-R1_71-XV-0805_XGL,null,2015-07-16 22:18:44.0
WIN-R1_71-XV-113_XGL,null,2015-07-16 22:18:44.0
WIN-R1_71-XV-116_XGH,null,2015-07-16 22:18:44.0
WIN-R1_71-XV-116_XGL,null,2015-07-16 22:18:44.0
WIN-R1_71-XV-117_XGH,null,2015-07-16 22:18:44.0
WIN-R1_71-XV-118_XGH,null,2015-07-16 22:18:44.0
WIN-R1_71-XV-119_XGL,null,2015-07-16 22:18:44.0
WIN-R1_71-XV-120_XGH,null,2015-07-16 22:18:44.0
WIN-R1_71-XV-120_XGL,null,2015-07-16 22:18:44.0
WIN-R1_71-XV-146_XGH,null,2015-07-16 22:18:44.0
WIN-R1_71-XV-146_XGL,null,2015-07-16 22:18:44.0
WIN-R1_71-XV-2972_XGH,null,2015-07-16 22:18:44.0
WIN-R1_72-XV-0801_XGL,null,2015-07-16 22:18:44.0
WIN-R1_72-XV-0802_XGH,null,2015-07-16 22:18:44.0
WIN-R1_72-XV-0802_XGL,null,2015-07-16 22:18:44.0
WIN-R1_72-XV-0804_XGH,null,2015-07-16 22:18:44.0
WIN-R1_72-XV-0805_XGL,null,2015-07-16 22:18:44.0
WIN-R1_72-XV-107_XGH,null,2015-07-16 22:18:44.0
WIN-R1_72-XV-107_XGL,null,2015-07-16 22:18:44.0
WIN-R1_72-XV-108_XGH,null,2015-07-16 22:18:44.0
WIN-R1_72-XV-108_XGL,null,2015-07-16 22:18:44.0
WIN-R1_72-XV-120_XGH,null,2015-07-16 22:18:44.0
WIN-R1_72-XV-120_XGL,null,2015-07-16 22:18:44.0
WIN-R1_72-XV-126_XGH,null,2015-07-16 22:18:44.0
WIN-R1_94-WT-2125_Y,2638.8049316,2015-07-16 22:18:44.0
WIN-R1_94-WT-2128_Y,2619.4228516,2015-07-16 22:18:44.0
WIN-R1_97-GE-0001_InClosed,null,2015-07-16 22:18:44.0
WIN-R1_97-GE-0001_InOpened,null,2015-07-16 22:18:44.0
WIN-R1_97-GE-0002_InClosed,null,2015-07-16 22:18:44.0
WIN-R1_97-GE-0003_InClosed,null,2015-07-16 22:18:44.0
WIN-R1_97-GE-0003_InOpened,null,2015-07-16 22:18:44.0
WIN-R1_97-GE-0004_InClosed,null,2015-07-16 22:18:44.0
WIN-R1_97-GE-0004_InOpened,null,2015-07-16 22:18:44.0
WIN-R1_97-GE-0010_InClosed,null,2015-07-16 22:18:44.0
WIN-R1_97-GE-0010_InOpened,null,2015-07-16 22:18:44.0
WIN-R1_97-GE-0011_InOpened,null,2015-07-16 22:18:44.0
WIN-R1_97-GE-0100_InClosed,null,2015-07-16 22:18:44.0
WIN-R1_97-GE-0100_InOpened,null,2015-07-16 22:18:44.0
WIN-R1_97-GE-0102_InOpened,null,2015-07-16 22:18:44.0
WIN-R1_97-GE-0104_InClosed,null,2015-07-16 22:18:44.0
WIN-R1_97-GE-0104_InOpened,null,2015-07-16 22:18:44.0
WIN-R1_97-GE-0400_InClosed,null,2015-07-16 22:18:44.0
WIN-R1_97-GE-0402_InClosed,null,2015-07-16 22:18:44.0
WIN-R1_97-GE-0404_InClosed,null,2015-07-16 22:18:44.0
WIN-R1_97-GE-0404_InOpened,null,2015-07-16 22:18:44.0
WIN-R1_97-GE-0405_InClosed,null,2015-07-16 22:18:44.0
WIN-R1_97-GE-0405_InOpened,null,2015-07-16 22:18:44.0
WIN-R1_97-GE-0406_InClosed,null,2015-07-16 22:18:44.0
WIN-R1_97-GE-0406_InOpened,null,2015-07-16 22:18:44.0
WIN-R1_97-GE-0407_InClosed,null,2015-07-16 22:18:44.0
WIN-R1_97-GE-0407_InOpened,null,2015-07-16 22:18:44.0
WIN-R1_97-GE-0408_InClosed,null,2015-07-16 22:18:44.0
WIN-R1_97-GE-0700_InClosed,null,2015-07-16 22:18:44.0
WIN-R1_97-GE-0700_InOpened,null,2015-07-16 22:18:44.0
WIN-R1_97-GE-0701_InClosed,null,2015-07-16 22:18:44.0
WIN-R1_97-GE-0702_InOpened,null,2015-07-16 22:18:44.0
WIN-R1_97-GE-0703_InClosed,null,2015-07-16 22:18:44.0
WIN-R1_97-GE-0703_InOpened,null,2015-07-16 22:18:44.0
WIN-R1_97-GE-0704_InClosed,null,2015-07-16 22:18:44.0
WIN-R1_97-GE-0705_InClosed,null,2015-07-16 22:18:44.0
WIN-R1_97-GE-0705_InOpened,null,2015-07-16 22:18:44.0
WIN-R1_97-GE-0707_InClosed,null,2015-07-16 22:18:44.0
WIN-R1_97-GE-0708_InClosed,null,2015-07-16 22:18:44.0
WIN-R1_97-GE-0710_InOpened,null,2015-07-16 22:18:44.0
WIN-R1_97-GE-0711_InClosed,null,2015-07-16 22:18:44.0
WIN-R1_97-GE-0713_InClosed,null,2015-07-16 22:18:44.0
WIN-R1_97-GE-0713_InOpened,null,2015-07-16 22:18:44.0
WIN-R1_97-GE-0714_InClosed,null,2015-07-16 22:18:44.0
WIN-R1_97-GE-0714_InOpened,null,2015-07-16 22:18:44.0
WIN-R1_97-GE-0716_InClosed,null,2015-07-16 22:18:44.0
WIN-R1_97-GE-0717_InClosed,null,2015-07-16 22:18:44.0
WIN-R1_97-GE-0718_InClosed,null,2015-07-16 22:18:44.0
WIN-R1_97-GE-0718_InOpened,null,2015-07-16 22:18:44.0
WIN-R1_97-GE-0719_InClosed,null,2015-07-16 22:18:44.0
WIN-R1_97-GE-0719_InOpened,null,2015-07-16 22:18:44.0
WIN-R1_97-GE-0801_InClosed,null,2015-07-16 22:18:44.0
WIN-R1_97-GE-0801_InOpened,null,2015-07-16 22:18:44.0
WIN-R1_97-GE-0802_InClosed,null,2015-07-16 22:18:44.0
WIN-R1_97-GE-0803_InClosed,null,2015-07-16 22:18:44.0
WIN-R1_97-GE-0803_InOpened,null,2015-07-16 22:18:44.0
WIN-R1_97-GE-0902_InOpened,null,2015-07-16 22:18:44.0
WIN-R1_97-GE-0911_InClosed,null,2015-07-16 22:18:44.0
WIN-R1_97-GE-0911_InOpened,null,2015-07-16 22:18:44.0
WIN-R1_97-GE-0912_InOpened,null,2015-07-16 22:18:44.0
WIN-R1_97-GE-2964_InOpened,null,2015-07-16 22:18:44.0
WIN-R1_97-GE-2965_InClosed,null,2015-07-16 22:18:44.0
WIN-R1_97-GE-2965_InOpened,null,2015-07-16 22:18:44.0
WIN-R1_Batch_Gross-m3,2479.9238281,2015-07-16 22:18:44.0
WIN-R1_Cargo_Tank3P_Oil,2980.9609375,2015-07-16 22:18:44.0
WIN-R1_Cargo_Tank3S_Oil,4300.7446289,2015-07-16 22:18:44.0
WIN-R1_EPU1-A_BHH,null,2015-07-16 22:18:44.0
WIN-R1_EPU1-A_BLL,null,2015-07-16 22:18:44.0
WIN-R1_EPU1-A_WH,null,2015-07-16 22:18:44.0
WIN-R1_EPU1-A_YF,null,2015-07-16 22:18:44.0
WIN-R1_EPU1-R_BHH,null,2015-07-16 22:18:44.0
WIN-R1_EPU1-R_BLL,null,2015-07-16 22:18:44.0
WIN-R1_EPU1-R_WL,null,2015-07-16 22:18:44.0
WIN-R1_EPU1-R_YF,null,2015-07-16 22:18:44.0
WIN-R1_EPU1-V_BLL,null,2015-07-16 22:18:44.0
WIN-R1_EPU1-V_WL,null,2015-07-16 22:18:44.0
WIN-R1_EPU1-V_Y,1816.9960938,2015-07-16 22:18:44.0
WIN-R1_EPU2-A_BHH,null,2015-07-16 22:18:44.0
WIN-R1_EPU2-A_BLL,null,2015-07-16 22:18:44.0
WIN-R1_EPU2-A_YF,null,2015-07-16 22:18:44.0
WIN-R1_EPU2-R_BHH,null,2015-07-16 22:18:44.0
WIN-R1_EPU2-R_WH,null,2015-07-16 22:18:44.0
WIN-R1_EPU2-R_WL,null,2015-07-16 22:18:44.0
WIN-R1_EPU2-R_YF,null,2015-07-16 22:18:44.0
WIN-R1_EPU2-V_BHH,null,2015-07-16 22:18:44.0
WIN-R1_EPU2-V_WH,null,2015-07-16 22:18:44.0
WIN-R1_ESP1-FAULT-R_Out,null,2015-07-16 22:18:44.0
WIN-R1_ESP1-FEED-CL_Out,null,2015-07-16 22:18:44.0
WIN-R1_ESP1-RUNH_Y,2669.8718262,2015-07-16 22:18:44.0
WIN-R1_ESP1-VS_Y,1550.5699463,2015-07-16 22:18:44.0
WIN-R1_ESP2-FEED-CL_Out,null,2015-07-16 22:18:44.0
WIN-R1_ESP2-MOTOR-IN_Y,4260.2128906,2015-07-16 22:18:44.0
WIN-R1_ESP2-MOTOR-SDT_Y,754.8737793,2015-07-16 22:18:44.0
WIN-R1_ESP2-MOTOR-UAL_Y,1843.6518555,2015-07-16 22:18:44.0
WIN-R1_ESP2-VC_Y,4673.84375,2015-07-16 22:18:44.0
WIN-R1_ESP3-FAULT-R_Out,null,2015-07-16 22:18:44.0
WIN-R1_ESP3-FEED-CL_Out,null,2015-07-16 22:18:44.0
WIN-R1_ESP3-FR-SP-OUT_Y,1569.8729248,2015-07-16 22:18:44.0
WIN-R1_ESP3-FR_Y,3139.6088867,2015-07-16 22:18:44.0
WIN-R1_ESP3-MOTOR-SDT_Y,4594.956543,2015-07-16 22:18:44.0
WIN-R1_ESP3-RUNH_Y,4605.9702148,2015-07-16 22:18:44.0
WIN-R1_ESP3-STOP_Out,null,2015-07-16 22:18:44.0
WIN-R1_ESP4-FAULT-R_Out,null,2015-07-16 22:18:44.0
WIN-R1_ESP4-FEED-CL_Out,null,2015-07-16 22:18:44.0
WIN-R1_ESP4-FEED-OP_Out,null,2015-07-16 22:18:44.0
WIN-R1_ESP4-IC_Y,2727.3212891,2015-07-16 22:18:44.0
WIN-R1_ESP4-MOTOR-I_Y,1839.5952148,2015-07-16 22:18:44.0
WIN-R1_ESP4-MOTOR-IN_Y,2980.6687012,2015-07-16 22:18:44.0
WIN-R1_ESP4-MOTOR-OAL_Y,3833.6867676,2015-07-16 22:18:44.0
WIN-R1_ESP4-MOTOR-OTL_Y,1862.2231445,2015-07-16 22:18:44.0
WIN-R1_ESP4-TE_Y,2878.5241699,2015-07-16 22:18:44.0
WIN-R1_ESP4-TF_Y,4600.9296875,2015-07-16 22:18:44.0
WIN-R1_gg_lc_BHH,null,2015-07-16 22:18:44.0
WIN-R1_gg_lc_BLL,null,2015-07-16 22:18:44.0
WIN-R1_go_lc_WH,null,2015-07-16 22:18:44.0
WIN-R1_go_lc_YF,null,2015-07-16 22:18:44.0
WIN-R1_gw_lc_BHH,null,2015-07-16 22:18:44.0
WIN-R1_gw_lc_BLL,null,2015-07-16 22:18:44.0
WIN-R1_gw_lc_WH,null,2015-07-16 22:18:44.0
WIN-R1_gw_lc_WL,null,2015-07-16 22:18:44.0
WIN-R1_HPU-HP1_XGH,null,2015-07-16 22:18:44.0
WIN-R1_HPU-HP2_XGH,null,2015-07-16 22:18:44.0
WIN-R1_HPU-LP1_XGH,null,2015-07-16 22:18:44.0
WIN-R1_HPU-RES_XGH,null,2015-07-16 22:18:44.0
WIN-R1_HPU_3124_BHH,null,2015-07-16 22:18:44.0
WIN-R1_HPU_3124_WL,null,2015-07-16 22:18:44.0
WIN-R1_HPU_3124_YF,null,2015-07-16 22:18:44.0
WIN-R1_HPU_3125_BHH,null,2015-07-16 22:18:44.0
WIN-R1_HPU_3125_BLL,null,2015-07-16 22:18:44.0
WIN-R1_HPU_3125_WL,null,2015-07-16 22:18:44.0
WIN-R1_HPU_3125_YF,null,2015-07-16 22:18:44.0
WIN-R1_HPU_HP_H_P_BHH,null,2015-07-16 22:18:44.0
WIN-R1_HPU_HP_H_P_BLL,null,2015-07-16 22:18:44.0
WIN-R1_HPU_HP_H_P_WL,null,2015-07-16 22:18:44.0
WIN-R1_HPU_HP_H_P_YF,null,2015-07-16 22:18:44.0
WIN-R1_HPU_HPA_P_BHH,null,2015-07-16 22:18:44.0
WIN-R1_HPU_HPA_P_WH,null,2015-07-16 22:18:44.0
WIN-R1_HPU_HPB_P_BHH,null,2015-07-16 22:18:44.0
WIN-R1_HPU_HPB_P_WH,null,2015-07-16 22:18:44.0
WIN-R1_HPU_HPB_P_YF,null,2015-07-16 22:18:44.0
WIN-R1_HPU_LP_H_P_BHH,null,2015-07-16 22:18:44.0
WIN-R1_HPU_LP_H_P_BLL,null,2015-07-16 22:18:44.0
WIN-R1_HPU_LP_H_P_WH,null,2015-07-16 22:18:44.0
WIN-R1_HPU_LP_H_P_WL,null,2015-07-16 22:18:44.0
WIN-R1_HPU_LPA_P_BHH,null,2015-07-16 22:18:44.0
WIN-R1_HPU_LPA_P_BLL,null,2015-07-16 22:18:44.0
WIN-R1_HPU_LPA_P_WL,null,2015-07-16 22:18:44.0
WIN-R1_HPU_LPA_P_YF,null,2015-07-16 22:18:44.0
WIN-R1_HPU_LPB_P_WL,null,2015-07-16 22:18:44.0
WIN-R1_HPU_LPB_P_YF,null,2015-07-16 22:18:44.0
WIN-R1_HPU_RET_RES_LEV_BLL,null,2015-07-16 22:18:44.0
WIN-R1_HPU_RET_RES_LEV_WH,null,2015-07-16 22:18:44.0
WIN-R1_HPU_RET_RES_LEV_YF,null,2015-07-16 22:18:44.0
WIN-R1_HPU_SUP_RES_LEV_BLL,null,2015-07-16 22:18:44.0
WIN-R1_HPU_SUP_RES_LEV_WH,null,2015-07-16 22:18:44.0
WIN-R1_HPU_SUP_RES_LEV_YF,null,2015-07-16 22:18:44.0
WIN-R1_HSE_ChemicalSpills_No,null,2015-07-16 22:18:44.0
WIN-R1_HSE_OilSpills_No,null,2015-07-16 22:18:44.0
WIN-R1_ICSS-HB-OUT_BLL,null,2015-07-16 22:18:44.0
WIN-R1_ICSS-HB-OUT_WH,null,2015-07-16 22:18:44.0
WIN-R1_ICSS-HB-OUT_YF,null,2015-07-16 22:18:44.0
WIN-R1_LabTech_RVP,0.0,2015-07-16 22:18:44.0
WIN-R1_M-PT1_BLL,null,2015-07-16 22:18:44.0
WIN-R1_M-PT1_WH,null,2015-07-16 22:18:44.0
WIN-R1_M-PT1_WL,null,2015-07-16 22:18:44.0
WIN-R1_M-PT1_YF,null,2015-07-16 22:18:44.0
WIN-R1_M-PT2_BHH,null,2015-07-16 22:18:44.0
WIN-R1_M-PT2_WH,null,2015-07-16 22:18:44.0
WIN-R1_M-PT2_YF,null,2015-07-16 22:18:44.0
WIN-R1_M-TT1_BHH,null,2015-07-16 22:18:44.0
WIN-R1_M-TT1_BLL,null,2015-07-16 22:18:44.0
WIN-R1_M-TT1_WH,null,2015-07-16 22:18:44.0
WIN-R1_M-TT2_BHH,null,2015-07-16 22:18:44.0
WIN-R1_M-TT2_BLL,null,2015-07-16 22:18:44.0
WIN-R1_M-TT2_WH,null,2015-07-16 22:18:44.0
WIN-R1_M-TT2_WL,null,2015-07-16 22:18:44.0
WIN-R1_MCS-HB-IN_BHH,null,2015-07-16 22:18:44.0
WIN-R1_MCS-HB-IN_BLL,null,2015-07-16 22:18:44.0
WIN-R1_MCS-HB-IN_WH,null,2015-07-16 22:18:44.0
WIN-R1_MCS_MODE_BLL,null,2015-07-16 22:18:44.0
WIN-R1_MCS_MODE_WL,null,2015-07-16 22:18:44.0
WIN-R1_MCS_MODE_YF,null,2015-07-16 22:18:44.0
WIN-R1_MPFM-cm_lc_Y,3537.4584961,2015-07-16 22:18:44.0
WIN-R1_MPFM-cmw_lc_Y,3026.7614746,2015-07-16 22:18:44.0
WIN-R1_MPFM-cst_day_Y,2418.6052246,2015-07-16 22:18:44.0
WIN-R1_MPFM-dt_min_Y,3079.3786621,2015-07-16 22:18:44.0
WIN-R1_MPFM-GOR_Y,0.0,2015-07-16 22:18:44.0
WIN-R1_MPFM-GVF_Y,2144.463623,2015-07-16 22:18:44.0
WIN-R1_MPFM-mg_sc1_Y,866.9542236,2015-07-16 22:18:44.0
WIN-R1_MPFM-mo_sc1_Y,657.8526611,2015-07-16 22:18:44.0
WIN-R1_MPFM-mw_lc_Y,1924.0004883,2015-07-16 22:18:44.0
WIN-R1_MPFM-N356_Y,1374.1975098,2015-07-16 22:18:44.0
WIN-R1_MPFM-qo_scnp_Y,3292.3747559,2015-07-16 22:18:44.0
WIN-R1_MPFM-ts_year_Y,882.6620483,2015-07-16 22:18:44.0
WIN-R1_NetDryOil_NDOCD,58.4759026,2015-07-16 22:18:44.0
WIN-R1_P1-AMV_FDH,null,2015-07-16 22:18:44.0
WIN-R1_P1-AMV_FDL,null,2015-07-16 22:18:44.0
WIN-R1_P1-AMV_LSL,null,2015-07-16 22:18:44.0
WIN-R1_P1-AMV_XGH,null,2015-07-16 22:18:44.0
WIN-R1_P1-AMV_XGL,null,2015-07-16 22:18:44.0
WIN-R1_P1-AMV_YF,null,2015-07-16 22:18:44.0
WIN-R1_P1-AMV_YL,null,2015-07-16 22:18:44.0
WIN-R1_P1-APM1_BHH,null,2015-07-16 22:18:44.0
WIN-R1_P1-APM1_BLL,null,2015-07-16 22:18:44.0
WIN-R1_P1-APM1_WL,null,2015-07-16 22:18:44.0
WIN-R1_P1-APM1_YF,null,2015-07-16 22:18:44.0
WIN-R1_P1-APM2_BHH,null,2015-07-16 22:18:44.0
WIN-R1_P1-APM2_BLL,null,2015-07-16 22:18:44.0
WIN-R1_P1-APM2_WH,null,2015-07-16 22:18:44.0
WIN-R1_P1-APM2_YF,null,2015-07-16 22:18:44.0
WIN-R1_P1-AWV_FDH,null,2015-07-16 22:18:44.0
WIN-R1_P1-AWV_FDL,null,2015-07-16 22:18:44.0
WIN-R1_P1-AWV_XGH,null,2015-07-16 22:18:44.0
WIN-R1_P1-AWV_XGL,null,2015-07-16 22:18:44.0
WIN-R1_P1-AWV_YH,null,2015-07-16 22:18:44.0
WIN-R1_P1-CIV1_FDH,null,2015-07-16 22:18:44.0
WIN-R1_P1-CIV1_FDL,null,2015-07-16 22:18:44.0
WIN-R1_P1-CIV1_XGH,null,2015-07-16 22:18:44.0
WIN-R1_P1-CIV1_YH,null,2015-07-16 22:18:44.0
WIN-R1_P1-CIV1_YL,null,2015-07-16 22:18:44.0
WIN-R1_P1-CIV2_LSL,null,2015-07-16 22:18:44.0
WIN-R1_P1-CIV2_XGL,null,2015-07-16 22:18:44.0
WIN-R1_P1-CIV2_YF,null,2015-07-16 22:18:44.0
WIN-R1_P1-CIV2_YH,null,2015-07-16 22:18:44.0
WIN-R1_P1-DHCV_FDL,null,2015-07-16 22:18:44.0
WIN-R1_P1-DHCV_LSL,null,2015-07-16 22:18:44.0
WIN-R1_P1-DHCV_XGL,null,2015-07-16 22:18:44.0
WIN-R1_P1-DHCV_YH,null,2015-07-16 22:18:44.0
WIN-R1_P1-DHCV_YL,null,2015-07-16 22:18:44.0
WIN-R1_P1-GGG2_BHH,null,2015-07-16 22:18:44.0
WIN-R1_P1-GGG2_WL,null,2015-07-16 22:18:44.0
WIN-R1_P1-GGG2_YF,null,2015-07-16 22:18:44.0
WIN-R1_P1-HHH2_BHH,null,2015-07-16 22:18:44.0
WIN-R1_P1-HHH2_WH,null,2015-07-16 22:18:44.0
WIN-R1_P1-HHH2_YF,null,2015-07-16 22:18:44.0
WIN-R1_P1-HP-SUP_BHH,null,2015-07-16 22:18:44.0
WIN-R1_P1-LP-SUP_BHH,null,2015-07-16 22:18:44.0
WIN-R1_P1-LP-SUP_YF,null,2015-07-16 22:18:44.0
WIN-R1_P1-PCV-CALC_BHH,null,2015-07-16 22:18:44.0
WIN-R1_P1-PCV-CALC_BLL,null,2015-07-16 22:18:44.0
WIN-R1_P1-PCV-CALC_WL,null,2015-07-16 22:18:44.0
WIN-R1_P1-PCV-CALC_Y,5000.0,2015-07-16 22:18:44.0
WIN-R1_P1-PCV-CALC_YF,null,2015-07-16 22:18:44.0
WIN-R1_P1-PCV-SP_BLL,null,2015-07-16 22:18:44.0
WIN-R1_P1-PCV_SetCalcPosOut,null,2015-07-16 22:18:44.0
WIN-R1_P1-PCV_SetEngPosOut,null,2015-07-16 22:18:44.0
WIN-R1_P1-PCV_SetStepsToGoOut,null,2015-07-16 22:18:44.0
WIN-R1_P1-PCV_StopOut,null,2015-07-16 22:18:44.0
WIN-R1_P1-PDV_FDH,null,2015-07-16 22:18:44.0
WIN-R1_P1-PDV_XGH,null,2015-07-16 22:18:44.0
WIN-R1_P1-PDV_YF,null,2015-07-16 22:18:44.0
WIN-R1_P1-PMV_FDH,null,2015-07-16 22:18:44.0
WIN-R1_P1-PMV_FDL,null,2015-07-16 22:18:44.0
WIN-R1_P1-PMV_LSL,null,2015-07-16 22:18:44.0
WIN-R1_P1-PMV_XGH,null,2015-07-16 22:18:44.0
WIN-R1_P1-PMV_XGL,null,2015-07-16 22:18:44.0
WIN-R1_P1-PMV_YH,null,2015-07-16 22:18:44.0
WIN-R1_P1-PMV_YL,null,2015-07-16 22:18:44.0
WIN-R1_P1-PPM1_BHH,null,2015-07-16 22:18:44.0
WIN-R1_P1-PPM1_BLL,null,2015-07-16 22:18:44.0
WIN-R1_P1-PPM1_YF,null,2015-07-16 22:18:44.0
WIN-R1_P1-PPM2_WH,null,2015-07-16 22:18:44.0
WIN-R1_P1-PPM2_WL,null,2015-07-16 22:18:44.0
WIN-R1_P1-PPM2_YF,null,2015-07-16 22:18:44.0
WIN-R1_P1-PTM_BHH,null,2015-07-16 22:18:44.0
WIN-R1_P1-PTM_BLL,null,2015-07-16 22:18:44.0
WIN-R1_P1-PTM_WL,null,2015-07-16 22:18:44.0
WIN-R1_P1-PTM_YF,null,2015-07-16 22:18:44.0
WIN-R1_P1-PWV_XGH,null,2015-07-16 22:18:44.0
WIN-R1_P1-PWV_XGL,null,2015-07-16 22:18:44.0
WIN-R1_P1-PWV_YF,null,2015-07-16 22:18:44.0
WIN-R1_P1-PWV_YH,null,2015-07-16 22:18:44.0
WIN-R1_P1-PWV_YL,null,2015-07-16 22:18:44.0
WIN-R1_P1-SCSSV_FDH,null,2015-07-16 22:18:44.0
WIN-R1_P1-SCSSV_FDL,null,2015-07-16 22:18:44.0
WIN-R1_P1-SCSSV_LSL,null,2015-07-16 22:18:44.0
WIN-R1_P1-SCSSV_XGH,null,2015-07-16 22:18:44.0
WIN-R1_P1-SCSSV_XGL,null,2015-07-16 22:18:44.0
WIN-R1_P1-SCSSV_YF,null,2015-07-16 22:18:44.0
WIN-R1_P1-SCSSV_YL,null,2015-07-16 22:18:44.0
WIN-R1_P1-TDV_FDL,null,2015-07-16 22:18:44.0
WIN-R1_P1-TDV_LSL,null,2015-07-16 22:18:44.0
WIN-R1_P1-TDV_XGH,null,2015-07-16 22:18:44.0
WIN-R1_P1-TDV_XGL,null,2015-07-16 22:18:44.0
WIN-R1_P1-TDV_YF,null,2015-07-16 22:18:44.0
WIN-R1_P1-TDV_YL,null,2015-07-16 22:18:44.0
WIN-R1_P1-XOV_FDH,null,2015-07-16 22:18:44.0
WIN-R1_P1-XOV_FDL,null,2015-07-16 22:18:44.0
WIN-R1_P1-XOV_LSL,null,2015-07-16 22:18:44.0
WIN-R1_P1-XOV_XGH,null,2015-07-16 22:18:44.0
WIN-R1_P1-XOV_XGL,null,2015-07-16 22:18:44.0
WIN-R1_P1-XOV_YF,null,2015-07-16 22:18:44.0
WIN-R1_P1-XOV_YH,null,2015-07-16 22:18:44.0
WIN-R1_P1-XOV_YL,null,2015-07-16 22:18:44.0
WIN-R1_P1-ZZ-PROD_BLL,null,2015-07-16 22:18:44.0
WIN-R1_P1-ZZ-PROD_WH,null,2015-07-16 22:18:44.0
WIN-R1_P1-ZZ-PROD_WL,null,2015-07-16 22:18:44.0
WIN-R1_P1-ZZ-PROD_YF,null,2015-07-16 22:18:44.0
WIN-R1_P1_ESD_Reset_Out,null,2015-07-16 22:18:44.0
WIN-R1_P2-AMV_FDH,null,2015-07-16 22:18:44.0
WIN-R1_P2-AMV_FDL,null,2015-07-16 22:18:44.0
WIN-R1_P2-AMV_XGH,null,2015-07-16 22:18:44.0
WIN-R1_P2-AMV_XGL,null,2015-07-16 22:18:44.0
WIN-R1_P2-AMV_YF,null,2015-07-16 22:18:44.0
WIN-R1_P2-AMV_YH,null,2015-07-16 22:18:44.0
WIN-R1_P2-AMV_YL,null,2015-07-16 22:18:44.0
WIN-R1_P2-APM1_BHH,null,2015-07-16 22:18:44.0
WIN-R1_P2-APM1_BLL,null,2015-07-16 22:18:44.0
WIN-R1_P2-APM1_WL,null,2015-07-16 22:18:44.0
WIN-R1_P2-APM1_YF,null,2015-07-16 22:18:44.0
WIN-R1_P2-APM2_WL,null,2015-07-16 22:18:44.0
WIN-R1_P2-APM2_YF,null,2015-07-16 22:18:44.0
WIN-R1_P2-AWV_FDL,null,2015-07-16 22:18:44.0
WIN-R1_P2-AWV_LSL,null,2015-07-16 22:18:44.0
WIN-R1_P2-AWV_XGH,null,2015-07-16 22:18:44.0
WIN-R1_P2-AWV_YF,null,2015-07-16 22:18:44.0
WIN-R1_P2-AWV_YH,null,2015-07-16 22:18:44.0
WIN-R1_P2-AWV_YL,null,2015-07-16 22:18:44.0
WIN-R1_P2-CIV1_FDH,null,2015-07-16 22:18:44.0
WIN-R1_P2-CIV1_LSL,null,2015-07-16 22:18:44.0
WIN-R1_P2-CIV1_XGH,null,2015-07-16 22:18:44.0
WIN-R1_P2-CIV1_XGL,null,2015-07-16 22:18:44.0
WIN-R1_P2-CIV1_YF,null,2015-07-16 22:18:44.0
WIN-R1_P2-CIV1_YL,null,2015-07-16 22:18:44.0
WIN-R1_P2-CIV2_FDH,null,2015-07-16 22:18:44.0
WIN-R1_P2-CIV2_YH,null,2015-07-16 22:18:44.0
WIN-R1_P2-CIV2_YL,null,2015-07-16 22:18:44.0
WIN-R1_P2-DHCV_FDL,null,2015-07-16 22:18:44.0
WIN-R1_P2-DHCV_LSL,null,2015-07-16 22:18:44.0
WIN-R1_P2-DHCV_XGH,null,2015-07-16 22:18:44.0
WIN-R1_P2-DHCV_XGL,null,2015-07-16 22:18:44.0
WIN-R1_P2-DHCV_YF,null,2015-07-16 22:18:44.0
WIN-R1_P2-GGG2_BHH,null,2015-07-16 22:18:44.0
WIN-R1_P2-GGG2_BLL,null,2015-07-16 22:18:44.0
WIN-R1_P2-GGG2_WH,null,2015-07-16 22:18:44.0
WIN-R1_P2-GGG2_WL,null,2015-07-16 22:18:44.0
WIN-R1_P2-HHH2_BLL,null,2015-07-16 22:18:44.0
WIN-R1_P2-HHH2_WH,null,2015-07-16 22:18:44.0
WIN-R1_P2-HHH2_YF,null,2015-07-16 22:18:44.0
WIN-R1_P2-HP-SUP_BHH,null,2015-07-16 22:18:44.0
WIN-R1_P2-HP-SUP_YF,null,2015-07-16 22:18:44.0
WIN-R1_P2-LP-SUP_BHH,null,2015-07-16 22:18:44.0
WIN-R1_P2-LP-SUP_BLL,null,2015-07-16 22:18:44.0
WIN-R1_P2-LP-SUP_YF,null,2015-07-16 22:18:44.0
WIN-R1_P2-PCV-CALC_BLL,null,2015-07-16 22:18:44.0
WIN-R1_P2-PCV-CALC_WL,null,2015-07-16 22:18:44.0
WIN-R1_P2-PCV-CALC_YF,null,2015-07-16 22:18:44.0
WIN-R1_P2-PCV-SP_BHH,null,2015-07-16 22:18:44.0
WIN-R1_P2-PCV-SP_BLL,null,2015-07-16 22:18:44.0
WIN-R1_P2-PCV-SP_WL,null,2015-07-16 22:18:44.0
WIN-R1_P2-PCV_SetCalcPosOut,null,2015-07-16 22:18:44.0
WIN-R1_P2-PCV_SetEngPosOut,null,2015-07-16 22:18:44.0
WIN-R1_P2-PCV_StopOut,null,2015-07-16 22:18:44.0
WIN-R1_P2-PDV_FDH,null,2015-07-16 22:18:44.0
WIN-R1_P2-PDV_FDL,null,2015-07-16 22:18:44.0
WIN-R1_P2-PDV_LSL,null,2015-07-16 22:18:44.0
WIN-R1_P2-PDV_XGH,null,2015-07-16 22:18:44.0
WIN-R1_P2-PDV_XGL,null,2015-07-16 22:18:44.0
WIN-R1_P2-PDV_YF,null,2015-07-16 22:18:44.0
WIN-R1_P2-PMV_FDL,null,2015-07-16 22:18:44.0
WIN-R1_P2-PMV_LSL,null,2015-07-16 22:18:44.0
WIN-R1_P2-PMV_XGH,null,2015-07-16 22:18:44.0
WIN-R1_P2-PMV_XGL,null,2015-07-16 22:18:44.0
WIN-R1_P2-PMV_YH,null,2015-07-16 22:18:44.0
WIN-R1_P2-PMV_YL,null,2015-07-16 22:18:44.0
WIN-R1_P2-PPM1_WH,null,2015-07-16 22:18:44.0
WIN-R1_P2-PPM1_WL,null,2015-07-16 22:18:44.0
WIN-R1_P2-PPM1_YF,null,2015-07-16 22:18:44.0
WIN-R1_P2-PPM2_BHH,null,2015-07-16 22:18:44.0
WIN-R1_P2-PPM2_BLL,null,2015-07-16 22:18:44.0
WIN-R1_P2-PTM_BHH,null,2015-07-16 22:18:44.0
WIN-R1_P2-PTM_WH,null,2015-07-16 22:18:44.0
WIN-R1_P2-PTM_WL,null,2015-07-16 22:18:44.0
WIN-R1_P2-PTM_YF,null,2015-07-16 22:18:44.0
WIN-R1_P2-PWV_FDH,null,2015-07-16 22:18:44.0
WIN-R1_P2-PWV_FDL,null,2015-07-16 22:18:44.0
WIN-R1_P2-PWV_LSL,null,2015-07-16 22:18:44.0
WIN-R1_P2-PWV_XGH,null,2015-07-16 22:18:44.0
WIN-R1_P2-PWV_XGL,null,2015-07-16 22:18:44.0
WIN-R1_P2-PWV_YH,null,2015-07-16 22:18:44.0
WIN-R1_P2-PWV_YL,null,2015-07-16 22:18:44.0
WIN-R1_P2-SCSSV_FDH,null,2015-07-16 22:18:44.0
WIN-R1_P2-SCSSV_XGH,null,2015-07-16 22:18:44.0
WIN-R1_P2-SCSSV_YF,null,2015-07-16 22:18:44.0
WIN-R1_P2-SCSSV_YH,null,2015-07-16 22:18:44.0
WIN-R1_P2-SCSSV_YL,null,2015-07-16 22:18:44.0
WIN-R1_P2-TDV_LSL,null,2015-07-16 22:18:44.0
WIN-R1_P2-TDV_XGL,null,2015-07-16 22:18:44.0
WIN-R1_P2-TDV_YH,null,2015-07-16 22:18:44.0
WIN-R1_P2-TDV_YL,null,2015-07-16 22:18:44.0
WIN-R1_P2-XOV_FDL,null,2015-07-16 22:18:44.0
WIN-R1_P2-XOV_LSL,null,2015-07-16 22:18:44.0
WIN-R1_P2-XOV_YF,null,2015-07-16 22:18:44.0
WIN-R1_P2-XOV_YL,null,2015-07-16 22:18:44.0
WIN-R1_P2-ZZ-PROD_BHH,null,2015-07-16 22:18:44.0
WIN-R1_P2-ZZ-PROD_BLL,null,2015-07-16 22:18:44.0
WIN-R1_P2-ZZ-PROD_WL,null,2015-07-16 22:18:44.0
WIN-R1_P2-ZZ-PROD_YF,null,2015-07-16 22:18:44.0
WIN-R1_P2_ESD_Reset_Out,null,2015-07-16 22:18:44.0
WIN-R1_P3-AMV_FDH,null,2015-07-16 22:18:44.0
WIN-R1_P3-AMV_XGL,null,2015-07-16 22:18:44.0
WIN-R1_P3-AMV_YH,null,2015-07-16 22:18:44.0
WIN-R1_P3-AMV_YL,null,2015-07-16 22:18:44.0
WIN-R1_P3-APM1_BHH,null,2015-07-16 22:18:44.0
WIN-R1_P3-APM1_BLL,null,2015-07-16 22:18:44.0
WIN-R1_P3-APM1_WL,null,2015-07-16 22:18:44.0
WIN-R1_P3-APM1_YF,null,2015-07-16 22:18:44.0
WIN-R1_P3-APM2_BHH,null,2015-07-16 22:18:44.0
WIN-R1_P3-APM2_WH,null,2015-07-16 22:18:44.0
WIN-R1_P3-APM2_WL,null,2015-07-16 22:18:44.0
WIN-R1_P3-APM2_YF,null,2015-07-16 22:18:44.0
WIN-R1_P3-AWV_FDH,null,2015-07-16 22:18:44.0
WIN-R1_P3-AWV_FDL,null,2015-07-16 22:18:44.0
WIN-R1_P3-AWV_LSL,null,2015-07-16 22:18:44.0
WIN-R1_P3-AWV_YF,null,2015-07-16 22:18:44.0
WIN-R1_P3-AWV_YH,null,2015-07-16 22:18:44.0
WIN-R1_P3-AWV_YL,null,2015-07-16 22:18:44.0
WIN-R1_P3-CIV1_FDH,null,2015-07-16 22:18:44.0
WIN-R1_P3-CIV1_FDL,null,2015-07-16 22:18:44.0
WIN-R1_P3-CIV1_XGH,null,2015-07-16 22:18:44.0
WIN-R1_P3-CIV1_YF,null,2015-07-16 22:18:44.0
WIN-R1_P3-CIV1_YH,null,2015-07-16 22:18:44.0
WIN-R1_P3-CIV1_YL,null,2015-07-16 22:18:44.0
WIN-R1_P3-CIV2_FDL,null,2015-07-16 22:18:44.0
WIN-R1_P3-CIV2_XGL,null,2015-07-16 22:18:44.0
WIN-R1_P3-CIV2_YF,null,2015-07-16 22:18:44.0
WIN-R1_P3-CIV2_YH,null,2015-07-16 22:18:44.0
WIN-R1_P3-CIV2_YL,null,2015-07-16 22:18:44.0
WIN-R1_P3-DHCV_FDH,null,2015-07-16 22:18:44.0
WIN-R1_P3-DHCV_LSL,null,2015-07-16 22:18:44.0
WIN-R1_P3-DHCV_XGH,null,2015-07-16 22:18:44.0
WIN-R1_P3-DHCV_XGL,null,2015-07-16 22:18:44.0
WIN-R1_P3-DHCV_YF,null,2015-07-16 22:18:44.0
WIN-R1_P3-DHCV_YH,null,2015-07-16 22:18:44.0
WIN-R1_P3-DHCV_YL,null,2015-07-16 22:18:44.0
WIN-R1_P3-GGG2_BLL,null,2015-07-16 22:18:44.0
WIN-R1_P3-GGG2_WH,null,2015-07-16 22:18:44.0
WIN-R1_P3-GGG2_YF,null,2015-07-16 22:18:44.0
WIN-R1_P3-HHH2_WH,null,2015-07-16 22:18:44.0
WIN-R1_P3-HHH2_YF,null,2015-07-16 22:18:44.0
WIN-R1_P3-HP-SUP_BHH,null,2015-07-16 22:18:44.0
WIN-R1_P3-HP-SUP_WL,null,2015-07-16 22:18:44.0
WIN-R1_P3-LP-SUP_BHH,null,2015-07-16 22:18:44.0
WIN-R1_P3-LP-SUP_WL,null,2015-07-16 22:18:44.0
WIN-R1_P3-PCV-CALC_BHH,null,2015-07-16 22:18:44.0
WIN-R1_P3-PCV-CALC_WL,null,2015-07-16 22:18:44.0
WIN-R1_P3-PCV-SP_BHH,null,2015-07-16 22:18:44.0
WIN-R1_P3-PCV-SP_BLL,null,2015-07-16 22:18:44.0
WIN-R1_P3-PCV-SP_WL,null,2015-07-16 22:18:44.0
WIN-R1_P3-PCV_SetCalcPosOut,null,2015-07-16 22:18:44.0
WIN-R1_P3-PCV_SetStepsToGoOut,null,2015-07-16 22:18:44.0
WIN-R1_P3-PCV_StopOut,null,2015-07-16 22:18:44.0
WIN-R1_P3-PDV_FDL,null,2015-07-16 22:18:44.0
WIN-R1_P3-PDV_LSL,null,2015-07-16 22:18:44.0
WIN-R1_P3-PDV_YF,null,2015-07-16 22:18:44.0
WIN-R1_P3-PDV_YL,null,2015-07-16 22:18:44.0
WIN-R1_P3-PMV_FDH,null,2015-07-16 22:18:44.0
WIN-R1_P3-PMV_FDL,null,2015-07-16 22:18:44.0
WIN-R1_P3-PMV_LSL,null,2015-07-16 22:18:44.0
WIN-R1_P3-PMV_XGH,null,2015-07-16 22:18:44.0
WIN-R1_P3-PMV_XGL,null,2015-07-16 22:18:44.0
WIN-R1_P3-PMV_YF,null,2015-07-16 22:18:44.0
WIN-R1_P3-PMV_YH,null,2015-07-16 22:18:44.0
WIN-R1_P3-PMV_YL,null,2015-07-16 22:18:44.0
WIN-R1_P3-PPM1_BHH,null,2015-07-16 22:18:44.0
WIN-R1_P3-PPM1_BLL,null,2015-07-16 22:18:44.0
WIN-R1_P3-PPM1_WL,null,2015-07-16 22:18:44.0
WIN-R1_P3-PPM2_BHH,null,2015-07-16 22:18:44.0
WIN-R1_P3-PPM2_BLL,null,2015-07-16 22:18:44.0
WIN-R1_P3-PPM2_WH,null,2015-07-16 22:18:44.0
WIN-R1_P3-PPM2_WL,null,2015-07-16 22:18:44.0
WIN-R1_P3-PPM2_YF,null,2015-07-16 22:18:44.0
WIN-R1_P3-PTM_BHH,null,2015-07-16 22:18:44.0
WIN-R1_P3-PTM_BLL,null,2015-07-16 22:18:44.0
WIN-R1_P3-PTM_WH,null,2015-07-16 22:18:44.0
WIN-R1_P3-PTM_YF,null,2015-07-16 22:18:44.0
WIN-R1_P3-PWV_YF,null,2015-07-16 22:18:44.0
WIN-R1_P3-PWV_YH,null,2015-07-16 22:18:44.0
WIN-R1_P3-PWV_YL,null,2015-07-16 22:18:44.0
WIN-R1_P3-SCSSV_FDL,null,2015-07-16 22:18:44.0
WIN-R1_P3-SCSSV_LSL,null,2015-07-16 22:18:44.0
WIN-R1_P3-SCSSV_XGH,null,2015-07-16 22:18:44.0
WIN-R1_P3-SCSSV_XGL,null,2015-07-16 22:18:44.0
WIN-R1_P3-SCSSV_YF,null,2015-07-16 22:18:44.0
WIN-R1_P3-SCSSV_YH,null,2015-07-16 22:18:44.0
WIN-R1_P3-SCSSV_YL,null,2015-07-16 22:18:44.0
WIN-R1_P3-TDV_FDL,null,2015-07-16 22:18:44.0
WIN-R1_P3-TDV_XGH,null,2015-07-16 22:18:44.0
WIN-R1_P3-TDV_XGL,null,2015-07-16 22:18:44.0
WIN-R1_P3-TDV_YF,null,2015-07-16 22:18:44.0
WIN-R1_P3-TDV_YL,null,2015-07-16 22:18:44.0
WIN-R1_P3-XOV_FDH,null,2015-07-16 22:18:44.0
WIN-R1_P3-XOV_LSL,null,2015-07-16 22:18:44.0
WIN-R1_P3-XOV_XGH,null,2015-07-16 22:18:44.0
WIN-R1_P3-XOV_XGL,null,2015-07-16 22:18:44.0
WIN-R1_P3-XOV_YF,null,2015-07-16 22:18:44.0
WIN-R1_P3-XOV_YH,null,2015-07-16 22:18:44.0
WIN-R1_P3-ZZ-PROD_BHH,null,2015-07-16 22:18:44.0
WIN-R1_P3-ZZ-PROD_BLL,null,2015-07-16 22:18:44.0
WIN-R1_P3-ZZ-PROD_WH,null,2015-07-16 22:18:44.0
WIN-R1_P3-ZZ-PROD_WL,null,2015-07-16 22:18:44.0
WIN-R1_P3-ZZ-PROD_YF,null,2015-07-16 22:18:44.0
WIN-R1_P3_ESD_Reset_Out,null,2015-07-16 22:18:44.0
WIN-R1_P4-AMV_FDH,null,2015-07-16 22:18:44.0
WIN-R1_P4-AMV_FDL,null,2015-07-16 22:18:44.0
WIN-R1_P4-AMV_LSL,null,2015-07-16 22:18:44.0
WIN-R1_P4-AMV_XGH,null,2015-07-16 22:18:44.0
WIN-R1_P4-AMV_YH,null,2015-07-16 22:18:44.0
WIN-R1_P4-AMV_YL,null,2015-07-16 22:18:44.0
WIN-R1_P4-APM1_BLL,null,2015-07-16 22:18:44.0
WIN-R1_P4-APM1_WH,null,2015-07-16 22:18:44.0
WIN-R1_P4-APM1_WL,null,2015-07-16 22:18:44.0
WIN-R1_P4-APM2_BHH,null,2015-07-16 22:18:44.0
WIN-R1_P4-APM2_BLL,null,2015-07-16 22:18:44.0
WIN-R1_P4-APM2_WH,null,2015-07-16 22:18:44.0
WIN-R1_P4-APM2_YF,null,2015-07-16 22:18:44.0
WIN-R1_P4-AWV_FDH,null,2015-07-16 22:18:44.0
WIN-R1_P4-AWV_XGH,null,2015-07-16 22:18:44.0
WIN-R1_P4-AWV_XGL,null,2015-07-16 22:18:44.0
WIN-R1_P4-AWV_YF,null,2015-07-16 22:18:44.0
WIN-R1_P4-AWV_YH,null,2015-07-16 22:18:44.0
WIN-R1_P4-AWV_YL,null,2015-07-16 22:18:44.0
WIN-R1_P4-CIV1_FDH,null,2015-07-16 22:18:44.0
WIN-R1_P4-CIV1_FDL,null,2015-07-16 22:18:44.0
WIN-R1_P4-CIV1_LSL,null,2015-07-16 22:18:44.0
WIN-R1_P4-CIV1_XGL,null,2015-07-16 22:18:44.0
WIN-R1_P4-CIV1_YF,null,2015-07-16 22:18:44.0
WIN-R1_P4-CIV1_YH,null,2015-07-16 22:18:44.0
WIN-R1_P4-CIV1_YL,null,2015-07-16 22:18:44.0
WIN-R1_P4-CIV2_FDL,null,2015-07-16 22:18:44.0
WIN-R1_P4-CIV2_YF,null,2015-07-16 22:18:44.0
WIN-R1_P4-CIV2_YH,null,2015-07-16 22:18:44.0
WIN-R1_P4-CIV2_YL,null,2015-07-16 22:18:44.0
WIN-R1_P4-DHCV_FDH,null,2015-07-16 22:18:44.0
WIN-R1_P4-DHCV_FDL,null,2015-07-16 22:18:44.0
WIN-R1_P4-DHCV_XGH,null,2015-07-16 22:18:44.0
WIN-R1_P4-DHCV_XGL,null,2015-07-16 22:18:44.0
WIN-R1_P4-DHCV_YF,null,2015-07-16 22:18:44.0
WIN-R1_P4-DHCV_YL,null,2015-07-16 22:18:44.0
WIN-R1_P4-GGG2_BLL,null,2015-07-16 22:18:44.0
WIN-R1_P4-GGG2_WH,null,2015-07-16 22:18:44.0
WIN-R1_P4-GGG2_WL,null,2015-07-16 22:18:44.0
WIN-R1_P4-GGG2_YF,null,2015-07-16 22:18:44.0
WIN-R1_P4-HHH2_BHH,null,2015-07-16 22:18:44.0
WIN-R1_P4-HHH2_WH,null,2015-07-16 22:18:44.0
WIN-R1_P4-HHH2_WL,null,2015-07-16 22:18:44.0
WIN-R1_P4-HP-SUP_WH,null,2015-07-16 22:18:44.0
WIN-R1_P4-LP-SUP_BLL,null,2015-07-16 22:18:44.0
WIN-R1_P4-LP-SUP_WH,null,2015-07-16 22:18:44.0
WIN-R1_P4-LP-SUP_Y,447.2008057,2015-07-16 22:18:44.0
WIN-R1_P4-LP-SUP_YF,null,2015-07-16 22:18:44.0
WIN-R1_P4-PCV-CALC_BHH,null,2015-07-16 22:18:44.0
WIN-R1_P4-PCV-CALC_BLL,null,2015-07-16 22:18:44.0
WIN-R1_P4-PCV-CALC_WL,null,2015-07-16 22:18:44.0
WIN-R1_P4-PCV-CALC_YF,null,2015-07-16 22:18:44.0
WIN-R1_P4-PCV-SP_BHH,null,2015-07-16 22:18:44.0
WIN-R1_P4-PCV-SP_Y,1454.6437988,2015-07-16 22:18:44.0
WIN-R1_P4-PCV-SP_YF,null,2015-07-16 22:18:44.0
WIN-R1_P4-PCV_SetCalcPosOut,null,2015-07-16 22:18:44.0
WIN-R1_P4-PDV_FDH,null,2015-07-16 22:18:44.0
WIN-R1_P4-PDV_FDL,null,2015-07-16 22:18:44.0
WIN-R1_P4-PDV_LSL,null,2015-07-16 22:18:44.0
WIN-R1_P4-PDV_XGH,null,2015-07-16 22:18:44.0
WIN-R1_P4-PDV_XGL,null,2015-07-16 22:18:44.0
WIN-R1_P4-PDV_YF,null,2015-07-16 22:18:44.0
WIN-R1_P4-PMV_FDL,null,2015-07-16 22:18:44.0
WIN-R1_P4-PMV_XGL,null,2015-07-16 22:18:44.0
WIN-R1_P4-PMV_YF,null,2015-07-16 22:18:44.0
WIN-R1_P4-PMV_YH,null,2015-07-16 22:18:44.0
WIN-R1_P4-PPM1_BHH,null,2015-07-16 22:18:44.0
WIN-R1_P4-PPM1_BLL,null,2015-07-16 22:18:44.0
WIN-R1_P4-PPM1_WH,null,2015-07-16 22:18:44.0
WIN-R1_P4-PPM1_WL,null,2015-07-16 22:18:44.0
WIN-R1_P4-PPM1_YF,null,2015-07-16 22:18:44.0
WIN-R1_P4-PPM2_BHH,null,2015-07-16 22:18:44.0
WIN-R1_P4-PPM2_BLL,null,2015-07-16 22:18:44.0
WIN-R1_P4-PPM2_WL,null,2015-07-16 22:18:44.0
WIN-R1_P4-PTM_BHH,null,2015-07-16 22:18:44.0
WIN-R1_P4-PTM_BLL,null,2015-07-16 22:18:44.0
WIN-R1_P4-PTM_WH,null,2015-07-16 22:18:44.0
WIN-R1_P4-PTM_Y,3704.4091797,2015-07-16 22:18:44.0
WIN-R1_P4-PTM_YF,null,2015-07-16 22:18:44.0
WIN-R1_P4-PWV_FDH,null,2015-07-16 22:18:44.0
WIN-R1_P4-PWV_FDL,null,2015-07-16 22:18:44.0
WIN-R1_P4-PWV_LSL,null,2015-07-16 22:18:44.0
WIN-R1_P4-PWV_XGL,null,2015-07-16 22:18:44.0
WIN-R1_P4-PWV_YF,null,2015-07-16 22:18:44.0
WIN-R1_P4-PWV_YL,null,2015-07-16 22:18:44.0
WIN-R1_P4-SCSSV_FDH,null,2015-07-16 22:18:44.0
WIN-R1_P4-SCSSV_LSL,null,2015-07-16 22:18:44.0
WIN-R1_P4-SCSSV_XGH,null,2015-07-16 22:18:44.0
WIN-R1_P4-SCSSV_XGL,null,2015-07-16 22:18:44.0
WIN-R1_P4-SCSSV_YF,null,2015-07-16 22:18:44.0
WIN-R1_P4-SCSSV_YH,null,2015-07-16 22:18:44.0
WIN-R1_P4-TDV_FDH,null,2015-07-16 22:18:44.0
WIN-R1_P4-TDV_FDL,null,2015-07-16 22:18:44.0
WIN-R1_P4-TDV_LSL,null,2015-07-16 22:18:44.0
WIN-R1_P4-TDV_XGH,null,2015-07-16 22:18:44.0
WIN-R1_P4-TDV_XGL,null,2015-07-16 22:18:44.0
WIN-R1_P4-TDV_YL,null,2015-07-16 22:18:44.0
WIN-R1_P4-XOV_FDH,null,2015-07-16 22:18:44.0
WIN-R1_P4-XOV_FDL,null,2015-07-16 22:18:44.0
WIN-R1_P4-XOV_LSL,null,2015-07-16 22:18:44.0
WIN-R1_P4-XOV_XGL,null,2015-07-16 22:18:44.0
WIN-R1_P4-XOV_YF,null,2015-07-16 22:18:44.0
WIN-R1_P4-XOV_YH,null,2015-07-16 22:18:44.0
WIN-R1_P4-XOV_YL,null,2015-07-16 22:18:44.0
WIN-R1_P4-ZZ-PROD_BHH,null,2015-07-16 22:18:44.0
WIN-R1_P4-ZZ-PROD_WH,null,2015-07-16 22:18:44.0
WIN-R1_P4-ZZ-PROD_WL,null,2015-07-16 22:18:44.0
WIN-R1_P4-ZZ-PROD_YF,null,2015-07-16 22:18:44.0
WIN-R1_P4_ESD_Reset_Out,null,2015-07-16 22:18:44.0
WIN-R1_PLC-206_FT206_OUT,3062.065918,2015-07-16 22:18:44.0
WIN-R1_POB_Total_No,null,2015-07-16 22:18:44.0
WIN-R1_ProdGasCalc_B4,3693.0654297,2015-07-16 22:18:44.0
WIN-R1_ProductionReported_OIW-OB_Value,3693.2145996,2015-07-16 22:18:44.0
WIN-R1_ProdWell_P2_BottomHoleTemp,5000.0,2015-07-16 22:18:44.0
WIN-R1_ProdWell_P2_ESPFreq,5000.0,2015-07-16 22:18:44.0
WIN-R1_ProdWell_P3_Uptime,0.0,2015-07-16 22:18:44.0
WIN-R1_ProdWell_P4_BottomHoleTemp,5000.0,2015-07-16 22:18:44.0
WIN-R1_ProdWell_P4_TubingHeadTemp,500.9296875,2015-07-16 22:18:44.0
WIN-R1_QQO_WetDensity,2834.9558105,2015-07-16 22:18:44.0
WIN-R1_SEM1-COM-A-NOK_BHH,null,2015-07-16 22:18:44.0
WIN-R1_SEM1-COM-A-NOK_BLL,null,2015-07-16 22:18:44.0
WIN-R1_SEM1-COM-A-NOK_WH,null,2015-07-16 22:18:44.0
WIN-R1_SEM1-COM-A-OK_BHH,null,2015-07-16 22:18:44.0
WIN-R1_SEM1-COM-A-OK_BLL,null,2015-07-16 22:18:44.0
WIN-R1_SEM1-COM-A-OK_WH,null,2015-07-16 22:18:44.0
WIN-R1_SEM1-COM-A-OK_WL,null,2015-07-16 22:18:44.0
WIN-R1_SEM1-COM-A-OK_YF,null,2015-07-16 22:18:44.0
WIN-R1_SEM1-COM-B-NOK_BLL,null,2015-07-16 22:18:44.0
WIN-R1_SEM1-COM-B-NOK_WL,null,2015-07-16 22:18:44.0
WIN-R1_SEM1-COM-B-NOK_YF,null,2015-07-16 22:18:44.0
WIN-R1_SEM1-COM-B-OK_BHH,null,2015-07-16 22:18:44.0
WIN-R1_SEM1-COM-B-OK_BLL,null,2015-07-16 22:18:44.0
WIN-R1_SEM1-COM-B-OK_WH,null,2015-07-16 22:18:44.0
WIN-R1_SEM1-COM-B-OK_WL,null,2015-07-16 22:18:44.0
WIN-R1_SEM1-COM-B-OK_Y,3888.5061035,2015-07-16 22:18:44.0
WIN-R1_SEM1-COM-B-OK_YF,null,2015-07-16 22:18:44.0
WIN-R1_SEM1-PRES_YF,null,2015-07-16 22:18:44.0
WIN-R1_SEM1-TEMP_BLL,null,2015-07-16 22:18:44.0
WIN-R1_SEM1-TEMP_WH,null,2015-07-16 22:18:44.0
WIN-R1_SEM1-TEMP_YF,null,2015-07-16 22:18:44.0
WIN-R1_SEM2-COM-A-NOK_WH,null,2015-07-16 22:18:44.0
WIN-R1_SEM2-COM-A-OK_BHH,null,2015-07-16 22:18:44.0
WIN-R1_SEM2-COM-A-OK_BLL,null,2015-07-16 22:18:44.0
WIN-R1_SEM2-COM-A-OK_WH,null,2015-07-16 22:18:44.0
WIN-R1_SEM2-COM-A-OK_WL,null,2015-07-16 22:18:44.0
WIN-R1_SEM2-COM-A-OK_YF,null,2015-07-16 22:18:44.0
WIN-R1_SEM2-COM-B-NOK_WL,null,2015-07-16 22:18:44.0
WIN-R1_SEM2-COM-B-OK_BLL,null,2015-07-16 22:18:44.0
WIN-R1_SEM2-COM-B-OK_WL,null,2015-07-16 22:18:44.0
WIN-R1_SEM2-COM-B-OK_Y,3728.8154297,2015-07-16 22:18:44.0
WIN-R1_SEM2-COM-B-OK_YF,null,2015-07-16 22:18:44.0
WIN-R1_SEM2-PRES_BLL,null,2015-07-16 22:18:44.0
WIN-R1_SEM2-PRES_WL,null,2015-07-16 22:18:44.0
WIN-R1_SEM2-PRES_Y,5000.0,2015-07-16 22:18:44.0
WIN-R1_SEM2-PRES_YF,null,2015-07-16 22:18:44.0
WIN-R1_SEM2-TEMP_BLL,null,2015-07-16 22:18:44.0
WIN-R1_SEM2-TEMP_WH,null,2015-07-16 22:18:44.0
WIN-R1_SEM2-TEMP_WL,null,2015-07-16 22:18:44.0
WIN-R1_SEM2-TEMP_YF,null,2015-07-16 22:18:44.0
WIN-R1_SEM3-COM-A-NOK_BHH,null,2015-07-16 22:18:44.0
WIN-R1_SEM3-COM-A-NOK_BLL,null,2015-07-16 22:18:44.0
WIN-R1_SEM3-COM-A-NOK_WL,null,2015-07-16 22:18:44.0
WIN-R1_SEM3-COM-A-NOK_YF,null,2015-07-16 22:18:44.0
WIN-R1_SEM3-COM-A-OK_BLL,null,2015-07-16 22:18:44.0
WIN-R1_SEM3-COM-A-OK_WH,null,2015-07-16 22:18:44.0
WIN-R1_SEM3-COM-A-OK_WL,null,2015-07-16 22:18:44.0
WIN-R1_SEM3-COM-A-OK_YF,null,2015-07-16 22:18:44.0
WIN-R1_SEM3-COM-B-NOK_BHH,null,2015-07-16 22:18:44.0
WIN-R1_SEM3-COM-B-NOK_BLL,null,2015-07-16 22:18:44.0
WIN-R1_SEM3-COM-B-NOK_WL,null,2015-07-16 22:18:44.0
WIN-R1_SEM3-COM-B-NOK_YF,null,2015-07-16 22:18:44.0
WIN-R1_SEM3-COM-B-OK_BHH,null,2015-07-16 22:18:44.0
WIN-R1_SEM3-COM-B-OK_WH,null,2015-07-16 22:18:44.0
WIN-R1_SEM3-COM-B-OK_WL,null,2015-07-16 22:18:44.0
WIN-R1_SEM3-PRES_WH,null,2015-07-16 22:18:44.0
WIN-R1_SEM3-PRES_WL,null,2015-07-16 22:18:44.0
WIN-R1_SEM3-PRES_YF,null,2015-07-16 22:18:44.0
WIN-R1_SEM3-TEMP_BHH,null,2015-07-16 22:18:44.0
WIN-R1_SEM3-TEMP_BLL,null,2015-07-16 22:18:44.0
WIN-R1_SEM3-TEMP_WL,null,2015-07-16 22:18:44.0
WIN-R1_SEM3-TEMP_YF,null,2015-07-16 22:18:44.0
WIN-R1_SEM4-COM-A-NOK_BHH,null,2015-07-16 22:18:44.0
WIN-R1_SEM4-COM-A-NOK_BLL,null,2015-07-16 22:18:44.0
WIN-R1_SEM4-COM-A-NOK_WH,null,2015-07-16 22:18:44.0
WIN-R1_SEM4-COM-A-NOK_YF,null,2015-07-16 22:18:44.0
WIN-R1_SEM4-COM-A-OK_BHH,null,2015-07-16 22:18:44.0
WIN-R1_SEM4-COM-A-OK_BLL,null,2015-07-16 22:18:44.0
WIN-R1_SEM4-COM-A-OK_WH,null,2015-07-16 22:18:44.0
WIN-R1_SEM4-COM-A-OK_WL,null,2015-07-16 22:18:44.0
WIN-R1_SEM4-COM-A-OK_YF,null,2015-07-16 22:18:44.0
WIN-R1_SEM4-COM-B-NOK_WL,null,2015-07-16 22:18:44.0
WIN-R1_SEM4-COM-B-NOK_YF,null,2015-07-16 22:18:44.0
WIN-R1_SEM4-COM-B-OK_BLL,null,2015-07-16 22:18:44.0
WIN-R1_SEM4-COM-B-OK_WH,null,2015-07-16 22:18:44.0
WIN-R1_SEM4-PRES_BHH,null,2015-07-16 22:18:44.0
WIN-R1_SEM4-PRES_WH,null,2015-07-16 22:18:44.0
WIN-R1_SEM4-PRES_WL,null,2015-07-16 22:18:44.0
WIN-R1_SEM4-PRES_YF,null,2015-07-16 22:18:44.0
WIN-R1_SEM4-TEMP_BHH,null,2015-07-16 22:18:44.0
WIN-R1_SEM4-TEMP_YF,null,2015-07-16 22:18:44.0
WIN-R1_SEM5-COM-A-NOK_BLL,null,2015-07-16 22:18:44.0
WIN-R1_SEM5-COM-A-NOK_WL,null,2015-07-16 22:18:44.0
WIN-R1_SEM5-COM-A-NOK_Y,4965.6210938,2015-07-16 22:18:44.0
WIN-R1_SEM5-COM-A-NOK_YF,null,2015-07-16 22:18:44.0
WIN-R1_SEM5-COM-A-OK_BLL,null,2015-07-16 22:18:44.0
WIN-R1_SEM5-COM-A-OK_WH,null,2015-07-16 22:18:44.0
WIN-R1_SEM5-COM-A-OK_WL,null,2015-07-16 22:18:44.0
WIN-R1_SEM5-COM-A-OK_YF,null,2015-07-16 22:18:44.0
WIN-R1_SEM5-COM-B-NOK_BHH,null,2015-07-16 22:18:44.0
WIN-R1_SEM5-COM-B-NOK_BLL,null,2015-07-16 22:18:44.0
WIN-R1_SEM5-COM-B-NOK_WH,null,2015-07-16 22:18:44.0
WIN-R1_SEM5-COM-B-NOK_WL,null,2015-07-16 22:18:44.0
WIN-R1_SEM5-COM-B-NOK_YF,null,2015-07-16 22:18:44.0
WIN-R1_SEM5-COM-B-OK_BHH,null,2015-07-16 22:18:44.0
WIN-R1_SEM5-COM-B-OK_BLL,null,2015-07-16 22:18:44.0
WIN-R1_SEM5-COM-B-OK_WH,null,2015-07-16 22:18:44.0
WIN-R1_SEM5-COM-B-OK_WL,null,2015-07-16 22:18:44.0
WIN-R1_SEM5-TEMP_BHH,null,2015-07-16 22:18:44.0
WIN-R1_SEM5-TEMP_BLL,null,2015-07-16 22:18:44.0
WIN-R1_SEM5-TEMP_WH,null,2015-07-16 22:18:44.0
WIN-R1_Tanker_CargoSize,2763.8115234,2015-07-16 22:18:44.0
WIN-R1_Tanker_DryVolume,3404.0864258,2015-07-16 22:18:44.0
WIN-R1_W1-AMV_FDL,null,2015-07-16 22:18:44.0
WIN-R1_W1-AMV_LSL,null,2015-07-16 22:18:44.0
WIN-R1_W1-AMV_XGH,null,2015-07-16 22:18:44.0
WIN-R1_W1-APM1_BHH,null,2015-07-16 22:18:44.0
WIN-R1_W1-APM1_BLL,null,2015-07-16 22:18:44.0
WIN-R1_W1-APM1_WL,null,2015-07-16 22:18:44.0
WIN-R1_W1-APM1_YF,null,2015-07-16 22:18:44.0
WIN-R1_W1-APM2_BLL,null,2015-07-16 22:18:44.0
WIN-R1_W1-APM2_WL,null,2015-07-16 22:18:44.0
WIN-R1_W1-APM2_YF,null,2015-07-16 22:18:44.0
WIN-R1_W1-AWV_FDH,null,2015-07-16 22:18:44.0
WIN-R1_W1-AWV_FDL,null,2015-07-16 22:18:44.0
WIN-R1_W1-AWV_LSL,null,2015-07-16 22:18:44.0
WIN-R1_W1-AWV_YF,null,2015-07-16 22:18:44.0
WIN-R1_W1-AWV_YH,null,2015-07-16 22:18:44.0
WIN-R1_W1-AWV_YL,null,2015-07-16 22:18:44.0
WIN-R1_W1-GGG2_BHH,null,2015-07-16 22:18:44.0
WIN-R1_W1-GGG2_BLL,null,2015-07-16 22:18:44.0
WIN-R1_W1-GGG2_WL,null,2015-07-16 22:18:44.0
WIN-R1_W1-GGG2_YF,null,2015-07-16 22:18:44.0
WIN-R1_W1-HHH2_BHH,null,2015-07-16 22:18:44.0
WIN-R1_W1-HHH2_BLL,null,2015-07-16 22:18:44.0
WIN-R1_W1-HHH2_WL,null,2015-07-16 22:18:44.0
WIN-R1_W1-HHH2_YF,null,2015-07-16 22:18:44.0
WIN-R1_W1-HP-SUP_BLL,null,2015-07-16 22:18:44.0
WIN-R1_W1-HP-SUP_WH,null,2015-07-16 22:18:44.0
WIN-R1_W1-HP-SUP_WL,null,2015-07-16 22:18:44.0
WIN-R1_W1-ICV-CALC_BHH,null,2015-07-16 22:18:44.0
WIN-R1_W1-ICV-CALC_BLL,null,2015-07-16 22:18:44.0
WIN-R1_W1-ICV-CALC_WH,null,2015-07-16 22:18:44.0
WIN-R1_W1-ICV-CALC_WL,null,2015-07-16 22:18:44.0
WIN-R1_W1-ICV-CALC_YF,null,2015-07-16 22:18:44.0
WIN-R1_W1-ICV-SP_BLL,null,2015-07-16 22:18:44.0
WIN-R1_W1-ICV-SP_WL,null,2015-07-16 22:18:44.0
WIN-R1_W1-ICV-SP_YF,null,2015-07-16 22:18:44.0
WIN-R1_W1-ICV_SetCalcPosOut,null,2015-07-16 22:18:44.0
WIN-R1_W1-ICV_SetEngPosOut,null,2015-07-16 22:18:44.0
WIN-R1_W1-ICV_SetStepsToGoOut,null,2015-07-16 22:18:44.0
WIN-R1_W1-ICV_StopOut,null,2015-07-16 22:18:44.0
WIN-R1_W1-IMV_FDH,null,2015-07-16 22:18:44.0
WIN-R1_W1-IMV_FDL,null,2015-07-16 22:18:44.0
WIN-R1_W1-IMV_LSL,null,2015-07-16 22:18:44.0
WIN-R1_W1-IMV_XGH,null,2015-07-16 22:18:44.0
WIN-R1_W1-IMV_XGL,null,2015-07-16 22:18:44.0
WIN-R1_W1-IMV_YF,null,2015-07-16 22:18:44.0
WIN-R1_W1-IMV_YH,null,2015-07-16 22:18:44.0
WIN-R1_W1-IMV_YL,null,2015-07-16 22:18:44.0
WIN-R1_W1-IPM1_BHH,null,2015-07-16 22:18:44.0
WIN-R1_W1-IPM1_WH,null,2015-07-16 22:18:44.0
WIN-R1_W1-IPM1_WL,null,2015-07-16 22:18:44.0
WIN-R1_W1-IPM1_YF,null,2015-07-16 22:18:44.0
WIN-R1_W1-IPM2_BHH,null,2015-07-16 22:18:44.0
WIN-R1_W1-IPM2_WH,null,2015-07-16 22:18:44.0
WIN-R1_W1-ITM_BHH,null,2015-07-16 22:18:44.0
WIN-R1_W1-ITM_BLL,null,2015-07-16 22:18:44.0
WIN-R1_W1-ITM_WH,null,2015-07-16 22:18:44.0
WIN-R1_W1-ITM_WL,null,2015-07-16 22:18:44.0
WIN-R1_W1-ITM_YF,null,2015-07-16 22:18:44.0
WIN-R1_W1-IWV_FDL,null,2015-07-16 22:18:44.0
WIN-R1_W1-IWV_XGH,null,2015-07-16 22:18:44.0
WIN-R1_W1-IWV_YL,null,2015-07-16 22:18:44.0
WIN-R1_W1-LP-SUP_BHH,null,2015-07-16 22:18:44.0
WIN-R1_W1-LP-SUP_YF,null,2015-07-16 22:18:44.0
WIN-R1_W1-SCSSV_FDH,null,2015-07-16 22:18:44.0
WIN-R1_W1-SCSSV_XGH,null,2015-07-16 22:18:44.0
WIN-R1_W1-SCSSV_XGL,null,2015-07-16 22:18:44.0
WIN-R1_W1-SCSSV_YF,null,2015-07-16 22:18:44.0
WIN-R1_W1-SCSSV_YH,null,2015-07-16 22:18:44.0
WIN-R1_W1-XOV_FDL,null,2015-07-16 22:18:44.0
WIN-R1_W1-XOV_LSL,null,2015-07-16 22:18:44.0
WIN-R1_W1-XOV_XGL,null,2015-07-16 22:18:44.0
WIN-R1_W1-XOV_YF,null,2015-07-16 22:18:44.0
WIN-R1_W1-ZZ-INJ_BHH,null,2015-07-16 22:18:44.0
WIN-R1_W1-ZZ-INJ_BLL,null,2015-07-16 22:18:44.0
WIN-R1_W1-ZZ-INJ_WL,null,2015-07-16 22:18:44.0
WIN-R1_W1-ZZ-INJ_YF,null,2015-07-16 22:18:44.0
WIN-R1_W1_ESD_Reset_Out,null,2015-07-16 22:18:44.0
WIN-R1_WCM_VolFlWtr_Y,2161.3701172,2015-07-16 22:18:44.0
WIN-R1_WCM_8888VolFlWtr_Y,2161.3701172,2015-07-16 22:18:44.0
WIN-R1_WCwwwwwwM_VolFlWtr_Y,2222161.3701172,2015-07-16 22:18:44.0
WIN-Rffffff1_WCM_8888VolFlWtr_Y,21111161.3701172,2015-07-16 22:18:44.0
